ID,dipole_moment
mol_1,4.096008
mol_2,1.579701
mol_3,2.7862382
mol_4,2.3971114
mol_5,1.5977346
mol_6,0.9013698
mol_7,5.5934443
mol_8,3.7018995
mol_9,1.7093632
mol_10,2.4465818
mol_11,2.814395
mol_12,3.5782013
mol_13,2.4355059
mol_14,2.3195758
mol_15,2.6425395
mol_16,2.066173
mol_17,3.5514183
mol_18,1.5287962
mol_19,1.2892985
mol_20,3.2426586
mol_21,1.8606135
mol_22,2.9070692
mol_23,1.6685888
mol_24,3.976684
mol_25,1.6728435
mol_26,3.6334405
mol_27,1.3562094
mol_28,0.73684347
mol_29,3.8725505
mol_30,2.426601
mol_31,1.4258246
mol_32,2.4553154
mol_33,1.2569411
mol_34,2.2024422
mol_35,2.1965833
mol_36,2.6861677
mol_37,3.1157417
mol_38,4.447475
mol_39,5.687876
mol_40,1.416748
mol_41,2.2668312
mol_42,1.3688993
mol_43,1.6339962
mol_44,0.325208
mol_45,1.7320714
mol_46,3.597653
mol_47,3.108481
mol_48,1.7730371
mol_49,2.32401
mol_50,4.8107667
mol_51,1.5460672
mol_52,1.9212686
mol_53,4.7284446
mol_54,1.3963704
mol_55,1.3589832
mol_56,1.8367223
mol_57,1.9721342
mol_58,1.3488293
mol_59,0.99792117
mol_60,1.1640639
mol_61,2.2088728
mol_62,2.432857
mol_63,2.79806
mol_64,1.622191
mol_65,4.1115513
mol_66,2.5771341
mol_67,3.0097213
mol_68,5.0704656
mol_69,2.805107
mol_70,2.6099885
mol_71,4.777144
mol_72,6.0349307
mol_73,1.5436931
mol_74,2.1966178
mol_75,0.40321273
mol_76,1.9605871
mol_77,8.35723
mol_78,3.9559317
mol_79,4.888491
mol_80,1.295219
mol_81,1.4078689
mol_82,2.2653584
mol_83,2.3373742
mol_84,1.5026529
mol_85,3.3814664
mol_86,1.4772671
mol_87,2.356937
mol_88,5.041283
mol_89,2.1320357
mol_90,3.5577707
mol_91,3.6459403
mol_92,3.8539076
mol_93,1.7035389
mol_94,3.2844243
mol_95,0.27498543
mol_96,5.112497
mol_97,4.4200873
mol_98,2.981964
mol_99,1.8547366
mol_100,3.0084996
mol_101,1.6068431
mol_102,1.8551776
mol_103,2.1269088
mol_104,1.4830375
mol_105,4.536425
mol_106,2.2600718
mol_107,0.3864414
mol_108,3.8182664
mol_109,4.114934
mol_110,1.6879388
mol_111,2.8017564
mol_112,5.2641907
mol_113,0.7905605
mol_114,5.302679
mol_115,2.3287642
mol_116,2.297565
mol_117,1.8773508
mol_118,1.7496741
mol_119,2.5329885
mol_120,3.4271178
mol_121,1.1595764
mol_122,1.6134086
mol_123,1.4678
mol_124,3.3497033
mol_125,3.1343284
mol_126,1.7356429
mol_127,0.88004416
mol_128,5.0049105
mol_129,4.519648
mol_130,1.4939445
mol_131,4.988443
mol_132,2.530022
mol_133,3.6079526
mol_134,0.6951257
mol_135,1.5575391
mol_136,4.5780115
mol_137,1.7583274
mol_138,2.4588957
mol_139,3.2532992
mol_140,1.4623439
mol_141,2.9110088
mol_142,1.9901725
mol_143,4.571538
mol_144,3.493034
mol_145,0.77732897
mol_146,3.9715471
mol_147,4.6872444
mol_148,1.9068266
mol_149,1.3606822
mol_150,2.9478674
mol_151,3.2162385
mol_152,1.8472732
mol_153,2.2966642
mol_154,3.0919037
mol_155,2.1042395
mol_156,1.1514288
mol_157,3.0333438
mol_158,1.333635
mol_159,1.9093279
mol_160,2.8735747
mol_161,2.5662975
mol_162,2.9010525
mol_163,1.669138
mol_164,2.3976817
mol_165,2.7337995
mol_166,4.4096403
mol_167,2.1174998
mol_168,1.2998934
mol_169,5.4519925
mol_170,2.52599
mol_171,4.0393705
mol_172,2.293201
mol_173,2.979453
mol_174,1.6294605
mol_175,5.3834004
mol_176,2.3882546
mol_177,2.9647074
mol_178,1.0109084
mol_179,3.4825025
mol_180,1.3660653
mol_181,2.7355556
mol_182,1.4784906
mol_183,2.531467
mol_184,1.5467207
mol_185,4.573432
mol_186,2.6463003
mol_187,0.90560776
mol_188,2.880334
mol_189,2.516519
mol_190,2.0279849
mol_191,2.4500673
mol_192,0.39187372
mol_193,4.780709
mol_194,1.1237092
mol_195,1.8644675
mol_196,3.1479535
mol_197,2.6126175
mol_198,1.7039784
mol_199,2.2043443
mol_200,2.3176515
mol_201,1.0121226
mol_202,1.7672818
mol_203,1.8274082
mol_204,3.8995166
mol_205,3.58214
mol_206,2.3078833
mol_207,4.45048
mol_208,2.242888
mol_209,3.056079
mol_210,3.5600834
mol_211,1.4098961
mol_212,2.6132646
mol_213,2.5129147
mol_214,3.5598216
mol_215,1.4040203
mol_216,1.7883579
mol_217,0.93298817
mol_218,3.5253196
mol_219,1.4684491
mol_220,1.3749585
mol_221,3.0017285
mol_222,3.4739318
mol_223,3.7246604
mol_224,2.264845
mol_225,3.4842095
mol_226,1.6274128
mol_227,4.0545945
mol_228,2.599944
mol_229,2.677156
mol_230,4.71458
mol_231,0.2719629
mol_232,2.594512
mol_233,3.830833
mol_234,1.4596581
mol_235,1.6127512
mol_236,1.9353867
mol_237,1.6358223
mol_238,1.8440064
mol_239,1.6543782
mol_240,0.85833514
mol_241,6.8707924
mol_242,1.9523207
mol_243,3.633082
mol_244,9.524155
mol_245,2.872932
mol_246,2.2546191
mol_247,4.584181
mol_248,3.7504516
mol_249,2.967639
mol_250,1.6822762
mol_251,6.088404
mol_252,5.727238
mol_253,2.11897
mol_254,1.6313672
mol_255,2.0137434
mol_256,4.3700743
mol_257,1.3475769
mol_258,0.8866404
mol_259,3.566625
mol_260,1.4787008
mol_261,2.3995132
mol_262,3.640624
mol_263,3.875661
mol_264,1.3155475
mol_265,3.6341796
mol_266,1.5633961
mol_267,3.7882829
mol_268,1.6137326
mol_269,2.345151
mol_270,4.763434
mol_271,2.9667983
mol_272,1.2825408
mol_273,3.2647877
mol_274,2.6977673
mol_275,1.4612951
mol_276,1.3801627
mol_277,4.259742
mol_278,1.4733223
mol_279,2.3561351
mol_280,1.7485482
mol_281,1.7235804
mol_282,2.4544568
mol_283,2.5645075
mol_284,2.1305225
mol_285,3.5649705
mol_286,2.4859612
mol_287,4.426498
mol_288,3.0070205
mol_289,1.8712167
mol_290,0.35679686
mol_291,3.956843
mol_292,1.4212279
mol_293,3.5002222
mol_294,1.0461525
mol_295,1.4107963
mol_296,5.028093
mol_297,1.8177093
mol_298,0.32545102
mol_299,4.256295
mol_300,0.507743
mol_301,3.40311
mol_302,3.861804
mol_303,2.2708073
mol_304,3.8413668
mol_305,2.3539124
mol_306,1.4866854
mol_307,3.5830235
mol_308,2.0572448
mol_309,7.031856
mol_310,2.1566906
mol_311,1.9217647
mol_312,1.5562474
mol_313,1.6317571
mol_314,0.33975354
mol_315,2.1777873
mol_316,0.39661342
mol_317,3.1687813
mol_318,2.0725403
mol_319,1.4870602
mol_320,1.5357226
mol_321,3.2004027
mol_322,4.06133
mol_323,1.1133885
mol_324,0.9068706
mol_325,4.1130676
mol_326,2.614616
mol_327,1.668051
mol_328,3.4417658
mol_329,1.3598394
mol_330,2.605897
mol_331,2.2888093
mol_332,4.2406693
mol_333,3.6748028
mol_334,1.4912832
mol_335,1.77934
mol_336,4.1602716
mol_337,2.4694421
mol_338,3.8306909
mol_339,2.8665137
mol_340,4.0764337
mol_341,0.28168756
mol_342,3.796126
mol_343,0.86913776
mol_344,2.2574258
mol_345,1.3601562
mol_346,0.61266756
mol_347,3.2511
mol_348,2.3870955
mol_349,2.6751485
mol_350,2.9286766
mol_351,0.37213022
mol_352,1.0462389
mol_353,4.238001
mol_354,4.304782
mol_355,2.8903213
mol_356,3.7295513
mol_357,3.1615133
mol_358,1.791754
mol_359,4.186648
mol_360,2.1497707
mol_361,2.7216096
mol_362,0.7552516
mol_363,2.7392468
mol_364,1.0167217
mol_365,1.9669508
mol_366,1.510901
mol_367,1.5706264
mol_368,4.228112
mol_369,2.1556864
mol_370,3.3634448
mol_371,1.4781052
mol_372,3.4753041
mol_373,1.292102
mol_374,1.1277275
mol_375,2.6366315
mol_376,1.5135179
mol_377,2.4101367
mol_378,1.4113668
mol_379,1.1400704
mol_380,3.682588
mol_381,3.936986
mol_382,3.2588496
mol_383,4.338036
mol_384,2.625381
mol_385,1.7612339
mol_386,2.1264734
mol_387,2.1836739
mol_388,3.0835094
mol_389,1.6912484
mol_390,3.5283847
mol_391,1.6754632
mol_392,0.8537487
mol_393,2.3908026
mol_394,1.8228923
mol_395,1.1300237
mol_396,3.6481495
mol_397,3.0626464
mol_398,1.602532
mol_399,1.5218408
mol_400,3.2865372
mol_401,2.48661
mol_402,4.540826
mol_403,2.7595067
mol_404,6.536053
mol_405,3.2199244
mol_406,4.0728326
mol_407,5.5994573
mol_408,4.214122
mol_409,6.222556
mol_410,1.53211
mol_411,3.6194692
mol_412,2.9814491
mol_413,1.5640796
mol_414,2.7453551
mol_415,4.8750954
mol_416,1.5167718
mol_417,2.6786575
mol_418,6.7192736
mol_419,2.4741352
mol_420,2.6459234
mol_421,2.7932758
mol_422,4.6886573
mol_423,1.1681612
mol_424,1.6608876
mol_425,1.5326627
mol_426,1.6496592
mol_427,0.60724604
mol_428,1.5275848
mol_429,1.6181581
mol_430,5.0850186
mol_431,3.7454004
mol_432,3.5620494
mol_433,1.4423021
mol_434,2.8034577
mol_435,4.5066347
mol_436,5.5107355
mol_437,4.7530923
mol_438,2.6609926
mol_439,3.41989
mol_440,2.6900945
mol_441,2.8367639
mol_442,1.5445836
mol_443,4.91526
mol_444,2.164328
mol_445,2.609746
mol_446,1.407991
mol_447,3.8182573
mol_448,4.8454547
mol_449,3.9406443
mol_450,1.1081624
mol_451,3.3855863
mol_452,2.027032
mol_453,3.920199
mol_454,2.054913
mol_455,3.305768
mol_456,4.8603206
mol_457,1.3494804
mol_458,2.134909
mol_459,3.2604828
mol_460,4.205797
mol_461,2.451068
mol_462,3.0004568
mol_463,3.2424774
mol_464,4.435865
mol_465,1.1407577
mol_466,1.3479491
mol_467,1.9092159
mol_468,1.2304139
mol_469,1.5637691
mol_470,1.4153268
mol_471,4.126402
mol_472,5.0672493
mol_473,2.1746101
mol_474,3.7726889
mol_475,2.2710123
mol_476,1.5067818
mol_477,1.6317633
mol_478,1.3120729
mol_479,0.40423098
mol_480,1.9320408
mol_481,3.0554028
mol_482,3.4296284
mol_483,1.8981436
mol_484,3.4647899
mol_485,2.8796773
mol_486,5.2392063
mol_487,2.848445
mol_488,6.553744
mol_489,1.2965043
mol_490,1.7052174
mol_491,3.981637
mol_492,2.0558097
mol_493,1.8690909
mol_494,3.578496
mol_495,1.9502059
mol_496,5.0387306
mol_497,2.097114
mol_498,4.5011363
mol_499,2.3575902
mol_500,4.2050157
mol_501,1.6824851
mol_502,2.0095897
mol_503,1.3790631
mol_504,1.6961383
mol_505,1.3523488
mol_506,1.98331
mol_507,1.9373199
mol_508,1.0055963
mol_509,2.5707688
mol_510,4.616399
mol_511,3.9091382
mol_512,4.305336
mol_513,2.369019
mol_514,2.0308666
mol_515,2.8013034
mol_516,3.8416624
mol_517,1.7971519
mol_518,3.6867375
mol_519,1.6223654
mol_520,1.3273064
mol_521,2.4658058
mol_522,3.5178833
mol_523,4.869944
mol_524,2.1207776
mol_525,3.2352614
mol_526,1.5601356
mol_527,2.4793463
mol_528,3.913158
mol_529,2.979545
mol_530,0.38759643
mol_531,3.6609802
mol_532,4.1287293
mol_533,1.6391416
mol_534,2.2918117
mol_535,4.756652
mol_536,2.8264575
mol_537,3.5195441
mol_538,5.4634557
mol_539,2.4059038
mol_540,2.0676787
mol_541,1.7614802
mol_542,3.4601007
mol_543,4.058008
mol_544,1.6288567
mol_545,1.0314505
mol_546,3.8335423
mol_547,4.045589
mol_548,2.326023
mol_549,2.860272
mol_550,1.4571428
mol_551,1.2602322
mol_552,3.8684902
mol_553,1.4950299
mol_554,1.5276867
mol_555,3.086184
mol_556,4.051782
mol_557,2.3684354
mol_558,2.491387
mol_559,1.8900536
mol_560,2.1158824
mol_561,0.8099281
mol_562,3.980309
mol_563,2.2809086
mol_564,3.947607
mol_565,3.9647927
mol_566,3.909205
mol_567,3.2588263
mol_568,4.2757015
mol_569,1.6227376
mol_570,1.620474
mol_571,2.9680352
mol_572,2.268889
mol_573,1.4662262
mol_574,2.6857567
mol_575,6.938681
mol_576,0.4795456
mol_577,2.519843
mol_578,5.246179
mol_579,1.3099012
mol_580,2.7541351
mol_581,4.223764
mol_582,1.3690199
mol_583,1.8519663
mol_584,1.2615827
mol_585,4.2305884
mol_586,1.237049
mol_587,1.475246
mol_588,1.642617
mol_589,1.3629069
mol_590,1.9112008
mol_591,2.298811
mol_592,1.5706044
mol_593,1.4158074
mol_594,3.585072
mol_595,0.8947974
mol_596,1.8065389
mol_597,2.9610124
mol_598,2.2078118
mol_599,2.3831694
mol_600,2.2081518
mol_601,4.916603
mol_602,2.3855042
mol_603,1.8140448
mol_604,3.9850698
mol_605,1.2424963
mol_606,5.572555
mol_607,5.304047
mol_608,3.428855
mol_609,2.6272767
mol_610,1.6862518
mol_611,1.8551577
mol_612,4.078488
mol_613,2.6195493
mol_614,2.4623785
mol_615,3.17765
mol_616,0.84073883
mol_617,2.9731035
mol_618,4.6248317
mol_619,1.2579744
mol_620,0.35832092
mol_621,1.8400248
mol_622,3.6253247
mol_623,3.2546954
mol_624,1.0141125
mol_625,3.409449
mol_626,1.7717057
mol_627,0.3306812
mol_628,2.9927554
mol_629,3.8934731
mol_630,3.8201342
mol_631,3.1389499
mol_632,1.4289821
mol_633,1.3160224
mol_634,1.5374445
mol_635,1.6534714
mol_636,1.4102824
mol_637,1.5781031
mol_638,1.0175052
mol_639,0.9624479
mol_640,1.491946
mol_641,1.9384652
mol_642,1.3616254
mol_643,2.510343
mol_644,3.5303578
mol_645,1.8062152
mol_646,2.145245
mol_647,1.4529946
mol_648,0.7019992
mol_649,1.4204195
mol_650,1.9882363
mol_651,3.2591739
mol_652,1.4023376
mol_653,3.2154684
mol_654,0.5335007
mol_655,2.2458959
mol_656,5.23346
mol_657,1.1328304
mol_658,1.9564524
mol_659,1.499392
mol_660,1.1661127
mol_661,2.6548543
mol_662,3.5621228
mol_663,2.2429216
mol_664,2.3063674
mol_665,5.6952133
mol_666,1.533463
mol_667,1.5017989
mol_668,1.6641455
mol_669,1.9265019
mol_670,3.005578
mol_671,2.395706
mol_672,4.0041094
mol_673,1.8302361
mol_674,2.8212128
mol_675,1.4926895
mol_676,1.5999272
mol_677,1.4687679
mol_678,3.7356095
mol_679,1.7044486
mol_680,1.661303
mol_681,3.5322447
mol_682,0.6075595
mol_683,2.521058
mol_684,3.235806
mol_685,1.7987534
mol_686,3.1546078
mol_687,5.330813
mol_688,3.1648555
mol_689,1.983806
mol_690,2.0420544
mol_691,3.1170478
mol_692,2.870781
mol_693,0.9829354
mol_694,1.8605081
mol_695,3.0680041
mol_696,0.4225885
mol_697,2.858799
mol_698,3.8027782
mol_699,1.9429218
mol_700,1.3702304
mol_701,2.688325
mol_702,2.9818912
mol_703,3.5948467
mol_704,2.1287236
mol_705,6.516684
mol_706,4.6419935
mol_707,2.7228236
mol_708,3.9001994
mol_709,1.7725072
mol_710,4.6169634
mol_711,1.575441
mol_712,4.3952627
mol_713,3.6813183
mol_714,1.0594208
mol_715,2.9038978
mol_716,2.9853835
mol_717,2.4677873
mol_718,2.477201
mol_719,4.4081087
mol_720,1.4080962
mol_721,3.8104668
mol_722,1.4545572
mol_723,1.8639272
mol_724,2.3070722
mol_725,1.1523647
mol_726,0.30109507
mol_727,2.0302687
mol_728,2.7948709
mol_729,1.4060445
mol_730,2.2390347
mol_731,3.6910539
mol_732,3.853705
mol_733,2.1352599
mol_734,3.66546
mol_735,1.4398532
mol_736,1.7741822
mol_737,3.0113544
mol_738,3.4606156
mol_739,1.4920157
mol_740,5.8672566
mol_741,1.6428072
mol_742,1.3811556
mol_743,4.0547714
mol_744,1.7533685
mol_745,1.8164951
mol_746,2.5360324
mol_747,2.6053
mol_748,1.1309565
mol_749,1.6955435
mol_750,4.8996077
mol_751,1.5724128
mol_752,3.2180119
mol_753,3.9597397
mol_754,1.9830898
mol_755,2.4172845
mol_756,2.5537443
mol_757,3.6959667
mol_758,1.7751213
mol_759,3.963602
mol_760,1.6539624
mol_761,2.9919395
mol_762,1.5590284
mol_763,1.578989
mol_764,1.1490556
mol_765,5.5706425
mol_766,1.8568827
mol_767,3.485352
mol_768,0.857683
mol_769,1.3299457
mol_770,0.841101
mol_771,2.1370869
mol_772,3.1652493
mol_773,1.0338292
mol_774,1.4784309
mol_775,1.610651
mol_776,4.875901
mol_777,4.256975
mol_778,2.5107727
mol_779,2.7025163
mol_780,1.9048979
mol_781,1.7613945
mol_782,1.4670894
mol_783,2.5111208
mol_784,1.8525788
mol_785,1.6306782
mol_786,3.954217
mol_787,3.9317117
mol_788,3.7698245
mol_789,3.8002963
mol_790,7.0005984
mol_791,1.3438904
mol_792,1.4300036
mol_793,2.3406823
mol_794,2.7050896
mol_795,0.39099556
mol_796,4.2289877
mol_797,2.4465075
mol_798,1.4837329
mol_799,2.4549165
mol_800,1.9830394
mol_801,4.891954
mol_802,2.641902
mol_803,0.979478
mol_804,2.27901
mol_805,2.2566533
mol_806,2.516089
mol_807,0.37028196
mol_808,4.539354
mol_809,1.2945395
mol_810,1.5378425
mol_811,3.6443377
mol_812,1.212955
mol_813,3.8531318
mol_814,0.90022826
mol_815,0.9197097
mol_816,3.2274008
mol_817,3.2258387
mol_818,0.34640557
mol_819,0.44584787
mol_820,2.9995246
mol_821,1.8339155
mol_822,2.0041819
mol_823,3.7147765
mol_824,0.33355266
mol_825,4.819301
mol_826,1.8604771
mol_827,4.2969913
mol_828,3.2556067
mol_829,2.8372407
mol_830,2.0083992
mol_831,1.9051397
mol_832,1.2897408
mol_833,2.8894463
mol_834,5.3625503
mol_835,2.0784707
mol_836,3.7240868
mol_837,3.6957712
mol_838,5.3338227
mol_839,4.9483047
mol_840,3.1618943
mol_841,3.7777958
mol_842,6.293341
mol_843,3.2775297
mol_844,2.9447236
mol_845,1.7831098
mol_846,1.5101951
mol_847,1.8378488
mol_848,4.248304
mol_849,2.7491817
mol_850,1.8512713
mol_851,1.3787434
mol_852,2.450945
mol_853,1.6006402
mol_854,5.1619053
mol_855,4.2135606
mol_856,4.091188
mol_857,2.4912226
mol_858,2.2732449
mol_859,4.007093
mol_860,5.7326455
mol_861,3.9702477
mol_862,1.4412043
mol_863,2.2892013
mol_864,2.0367942
mol_865,2.8766966
mol_866,1.434569
mol_867,3.9723892
mol_868,1.3586855
mol_869,1.8315432
mol_870,5.1437874
mol_871,4.0137386
mol_872,2.4831448
mol_873,1.5487108
mol_874,3.0667815
mol_875,3.0656872
mol_876,4.1703525
mol_877,1.8988214
mol_878,3.9260688
mol_879,8.733378
mol_880,2.3973083
mol_881,3.639358
mol_882,2.339203
mol_883,1.680502
mol_884,1.3611904
mol_885,1.29443
mol_886,4.123025
mol_887,3.8828874
mol_888,3.114225
mol_889,1.6813958
mol_890,3.8526125
mol_891,4.2563915
mol_892,1.4619254
mol_893,2.139217
mol_894,1.5989718
mol_895,1.9727386
mol_896,1.8491622
mol_897,2.2957501
mol_898,2.5286274
mol_899,1.0987539
mol_900,3.4958773
mol_901,1.5918827
mol_902,3.6675649
mol_903,1.8066882
mol_904,3.2478008
mol_905,5.0529027
mol_906,1.0330144
mol_907,1.2690547
mol_908,2.1356997
mol_909,2.639109
mol_910,6.537131
mol_911,1.9808573
mol_912,1.1076779
mol_913,0.68525374
mol_914,2.9912586
mol_915,1.3549839
mol_916,3.0356832
mol_917,0.31858134
mol_918,1.9049643
mol_919,4.5480323
mol_920,3.3010182
mol_921,2.9029446
mol_922,3.021852
mol_923,1.1274639
mol_924,1.0372177
mol_925,1.7569468
mol_926,2.9935207
mol_927,4.487839
mol_928,2.2156668
mol_929,3.3408837
mol_930,3.6230931
mol_931,3.7271895
mol_932,2.9031005
mol_933,4.4474883
mol_934,2.3810654
mol_935,1.4235184
mol_936,3.3420053
mol_937,1.8346481
mol_938,3.588992
mol_939,1.101542
mol_940,6.4500866
mol_941,3.1193118
mol_942,1.112829
mol_943,3.1206536
mol_944,0.68035114
mol_945,2.388125
mol_946,4.6746883
mol_947,1.6068826
mol_948,1.9617962
mol_949,2.9119473
mol_950,2.8318071
mol_951,1.7225378
mol_952,1.7701732
mol_953,1.3027126
mol_954,1.8174447
mol_955,2.3116834
mol_956,1.0913472
mol_957,4.0428343
mol_958,3.2489624
mol_959,1.3484263
mol_960,1.6831627
mol_961,3.4761567
mol_962,4.247566
mol_963,1.6075346
mol_964,1.3350571
mol_965,4.2728763
mol_966,2.2577877
mol_967,2.2320352
mol_968,1.6989939
mol_969,2.2439156
mol_970,3.7674055
mol_971,1.4295201
mol_972,3.2430253
mol_973,2.8169332
mol_974,2.3585694
mol_975,2.5253735
mol_976,3.2732725
mol_977,2.839404
mol_978,2.3650188
mol_979,2.5100343
mol_980,3.0785584
mol_981,3.991292
mol_982,1.6143012
mol_983,2.3578393
mol_984,2.3259587
mol_985,1.6994629
mol_986,2.3029299
mol_987,6.2454095
mol_988,2.601462
mol_989,2.316266
mol_990,4.205947
mol_991,4.1860094
mol_992,3.0051126
mol_993,3.1987138
mol_994,3.761108
mol_995,1.849204
mol_996,0.31731927
mol_997,1.4878082
mol_998,2.88522
mol_999,3.0094233
mol_1000,4.5317264
mol_1001,1.7108539
mol_1002,5.1267905
mol_1003,3.518733
mol_1004,1.0897603
mol_1005,4.70821
mol_1006,2.376608
mol_1007,2.5286362
mol_1008,2.6986399
mol_1009,3.4670167
mol_1010,5.2922645
mol_1011,3.0333834
mol_1012,3.7054095
mol_1013,3.0176926
mol_1014,2.1106749
mol_1015,4.0868497
mol_1016,1.915014
mol_1017,1.4659995
mol_1018,2.578599
mol_1019,2.3136964
mol_1020,2.6943016
mol_1021,2.5658317
mol_1022,2.2932134
mol_1023,2.029696
mol_1024,4.110472
mol_1025,1.6567012
mol_1026,1.8804512
mol_1027,4.612752
mol_1028,3.9504762
mol_1029,4.6892815
mol_1030,2.1126728
mol_1031,1.7332362
mol_1032,1.8006889
mol_1033,4.60108
mol_1034,1.9163519
mol_1035,2.0199523
mol_1036,2.1114254
mol_1037,1.4947762
mol_1038,2.904622
mol_1039,2.0085125
mol_1040,2.381867
mol_1041,1.3422116
mol_1042,4.8703284
mol_1043,1.9411198
mol_1044,3.0224724
mol_1045,5.0894814
mol_1046,4.588559
mol_1047,0.8675443
mol_1048,1.0274572
mol_1049,1.6268005
mol_1050,2.108078
mol_1051,2.1043687
mol_1052,1.5605072
mol_1053,1.8482727
mol_1054,1.9960045
mol_1055,1.9634777
mol_1056,1.2524893
mol_1057,2.3460512
mol_1058,3.9459815
mol_1059,2.2619672
mol_1060,1.7284083
mol_1061,3.5558534
mol_1062,0.58860445
mol_1063,5.496264
mol_1064,2.6130247
mol_1065,2.2729554
mol_1066,2.410198
mol_1067,0.68167937
mol_1068,1.3746488
mol_1069,2.741907
mol_1070,1.400245
mol_1071,1.6634543
mol_1072,1.8124579
mol_1073,3.4938645
mol_1074,1.6154234
mol_1075,1.6501364
mol_1076,1.5928781
mol_1077,1.7142545
mol_1078,1.3278128
mol_1079,2.0133984
mol_1080,2.0500498
mol_1081,2.3932319
mol_1082,2.6533346
mol_1083,2.945715
mol_1084,0.43545845
mol_1085,1.6998308
mol_1086,1.9624386
mol_1087,1.4254541
mol_1088,2.5442019
mol_1089,1.1071718
mol_1090,2.9190664
mol_1091,4.0898895
mol_1092,2.4433
mol_1093,3.8595138
mol_1094,1.9610809
mol_1095,1.8536841
mol_1096,3.3009257
mol_1097,1.411797
mol_1098,3.7345853
mol_1099,2.871369
mol_1100,2.844955
mol_1101,1.2520152
mol_1102,3.707831
mol_1103,3.8838024
mol_1104,1.6305089
mol_1105,2.352285
mol_1106,3.9650798
mol_1107,2.8849516
mol_1108,3.6709323
mol_1109,2.6383233
mol_1110,4.1122866
mol_1111,4.599608
mol_1112,0.3800802
mol_1113,1.6121179
mol_1114,2.460208
mol_1115,1.8222393
mol_1116,1.533826
mol_1117,3.2122536
mol_1118,3.2561903
mol_1119,1.8736249
mol_1120,5.4953394
mol_1121,4.17201
mol_1122,2.588521
mol_1123,3.0051146
mol_1124,3.3326964
mol_1125,1.4192178
mol_1126,2.145022
mol_1127,2.5746298
mol_1128,1.2327228
mol_1129,2.5271149
mol_1130,3.0903378
mol_1131,3.6508336
mol_1132,2.6170259
mol_1133,3.5532775
mol_1134,1.2037536
mol_1135,5.135589
mol_1136,1.6022302
mol_1137,1.8534929
mol_1138,1.648663
mol_1139,3.2804255
mol_1140,2.0048952
mol_1141,2.666688
mol_1142,0.35311222
mol_1143,3.6368666
mol_1144,3.1331701
mol_1145,1.6444725
mol_1146,2.166716
mol_1147,1.7798036
mol_1148,4.693807
mol_1149,1.4721593
mol_1150,2.21632
mol_1151,2.6942225
mol_1152,2.647718
mol_1153,2.6295512
mol_1154,1.4339063
mol_1155,2.4326544
mol_1156,4.4298763
mol_1157,5.001326
mol_1158,1.4313626
mol_1159,1.6706812
mol_1160,1.5231438
mol_1161,1.9818604
mol_1162,2.3187737
mol_1163,1.3385962
mol_1164,3.6025581
mol_1165,2.8041449
mol_1166,2.7965493
mol_1167,1.5834415
mol_1168,1.7430266
mol_1169,4.0770774
mol_1170,1.5865054
mol_1171,1.5244118
mol_1172,1.3644625
mol_1173,6.442283
mol_1174,3.7173834
mol_1175,2.949726
mol_1176,3.9893909
mol_1177,1.9474918
mol_1178,2.5493808
mol_1179,2.6201844
mol_1180,2.7393618
mol_1181,2.7629666
mol_1182,4.815448
mol_1183,1.7904855
mol_1184,3.0453858
mol_1185,3.6790876
mol_1186,2.5145984
mol_1187,2.0261126
mol_1188,1.2024622
mol_1189,1.7346358
mol_1190,1.5039177
mol_1191,3.9972253
mol_1192,1.5473447
mol_1193,2.1717725
mol_1194,3.4347067
mol_1195,5.1664615
mol_1196,0.23673725
mol_1197,3.348722
mol_1198,2.239656
mol_1199,4.2788253
mol_1200,1.896239
mol_1201,1.558703
mol_1202,2.6579962
mol_1203,1.5097041
mol_1204,1.9916545
mol_1205,1.9085245
mol_1206,1.4264572
mol_1207,3.85887
mol_1208,3.64178
mol_1209,2.0490556
mol_1210,1.3482472
mol_1211,2.004322
mol_1212,3.7974458
mol_1213,1.036163
mol_1214,3.752091
mol_1215,2.7804637
mol_1216,1.231564
mol_1217,1.4081984
mol_1218,1.4892818
mol_1219,3.3516932
mol_1220,6.420369
mol_1221,2.4731221
mol_1222,2.9125519
mol_1223,5.6072125
mol_1224,3.336331
mol_1225,2.172192
mol_1226,1.3883913
mol_1227,4.468429
mol_1228,1.343089
mol_1229,1.7989824
mol_1230,2.0750566
mol_1231,2.5246375
mol_1232,3.0787916
mol_1233,2.1597233
mol_1234,2.616045
mol_1235,2.2332807
mol_1236,2.5855436
mol_1237,3.5408916
mol_1238,1.6927218
mol_1239,4.4342604
mol_1240,1.693042
mol_1241,2.2971087
mol_1242,1.3605877
mol_1243,1.5359836
mol_1244,2.0499218
mol_1245,3.2231765
mol_1246,1.2586577
mol_1247,0.33993876
mol_1248,2.2212176
mol_1249,3.3876758
mol_1250,1.3169472
mol_1251,2.2388058
mol_1252,0.36993724
mol_1253,1.2714274
mol_1254,5.879725
mol_1255,1.4356487
mol_1256,4.150757
mol_1257,2.3295941
mol_1258,2.1728203
mol_1259,3.8432164
mol_1260,3.7152653
mol_1261,1.2964268
mol_1262,2.7892857
mol_1263,2.8268642
mol_1264,4.175901
mol_1265,2.4305763
mol_1266,1.5675089
mol_1267,2.0737529
mol_1268,2.0119758
mol_1269,0.36781985
mol_1270,2.9333901
mol_1271,3.8588243
mol_1272,2.8620996
mol_1273,2.2541704
mol_1274,1.8138092
mol_1275,1.8145198
mol_1276,2.0212007
mol_1277,3.790268
mol_1278,0.9182601
mol_1279,1.3889209
mol_1280,1.9060255
mol_1281,1.5142143
mol_1282,0.36505342
mol_1283,4.815042
mol_1284,4.305574
mol_1285,2.1344266
mol_1286,1.8904608
mol_1287,3.1874585
mol_1288,1.5720184
mol_1289,2.8439145
mol_1290,1.6761417
mol_1291,0.31749517
mol_1292,1.4655837
mol_1293,2.6070433
mol_1294,4.5361466
mol_1295,3.1219072
mol_1296,2.5708451
mol_1297,1.805122
mol_1298,1.8871725
mol_1299,1.6937265
mol_1300,1.8703595
mol_1301,1.6179144
mol_1302,3.8838425
mol_1303,5.652768
mol_1304,2.3269901
mol_1305,2.0182462
mol_1306,0.38373893
mol_1307,2.86686
mol_1308,6.437057
mol_1309,2.7075286
mol_1310,3.5561347
mol_1311,1.8774487
mol_1312,2.6490169
mol_1313,1.9638716
mol_1314,4.8971305
mol_1315,0.42176658
mol_1316,4.5752187
mol_1317,3.9506373
mol_1318,2.3979073
mol_1319,4.143813
mol_1320,1.536777
mol_1321,1.0446534
mol_1322,1.7905868
mol_1323,6.0505614
mol_1324,3.8708453
mol_1325,1.6099796
mol_1326,5.0907903
mol_1327,1.4773262
mol_1328,1.5021601
mol_1329,2.0136447
mol_1330,2.297802
mol_1331,1.4488579
mol_1332,4.6842194
mol_1333,1.4539378
mol_1334,1.2252927
mol_1335,1.6993092
mol_1336,4.3132973
mol_1337,1.0541224
mol_1338,1.4844916
mol_1339,2.9628396
mol_1340,2.8190784
mol_1341,3.1576738
mol_1342,2.5563164
mol_1343,1.9144653
mol_1344,2.2535157
mol_1345,3.5613213
mol_1346,4.7777085
mol_1347,2.0098157
mol_1348,1.2909392
mol_1349,1.6448636
mol_1350,1.2432487
mol_1351,3.8099647
mol_1352,7.744747
mol_1353,4.303619
mol_1354,1.1123612
mol_1355,3.1368694
mol_1356,3.9649935
mol_1357,1.7316172
mol_1358,5.0623183
mol_1359,0.9048244
mol_1360,3.752462
mol_1361,2.9325314
mol_1362,4.0410833
mol_1363,1.5267885
mol_1364,4.6686397
mol_1365,0.3310417
mol_1366,1.7344809
mol_1367,1.7312093
mol_1368,2.2655704
mol_1369,4.076145
mol_1370,4.3133087
mol_1371,3.6032228
mol_1372,4.4033513
mol_1373,3.76019
mol_1374,5.5950656
mol_1375,1.233487
mol_1376,2.3372555
mol_1377,2.0352197
mol_1378,2.0711808
mol_1379,1.4746758
mol_1380,0.3636464
mol_1381,3.0861416
mol_1382,1.5279782
mol_1383,2.0508993
mol_1384,3.9302363
mol_1385,3.1965194
mol_1386,1.0264318
mol_1387,1.9479846
mol_1388,1.0280757
mol_1389,4.5062523
mol_1390,1.1179271
mol_1391,3.6777425
mol_1392,2.203641
mol_1393,3.9585423
mol_1394,1.4368277
mol_1395,1.7502121
mol_1396,1.6941509
mol_1397,0.670149
mol_1398,2.4116998
mol_1399,3.778821
mol_1400,2.9644928
mol_1401,0.36461574
mol_1402,3.546153
mol_1403,2.955944
mol_1404,2.1544313
mol_1405,1.3533744
mol_1406,2.2813678
mol_1407,2.166563
mol_1408,3.093099
mol_1409,4.42723
mol_1410,3.1226664
mol_1411,2.1322064
mol_1412,5.280866
mol_1413,1.1194224
mol_1414,0.63182276
mol_1415,2.4370058
mol_1416,0.85965216
mol_1417,1.2880284
mol_1418,1.4534522
mol_1419,2.8202386
mol_1420,2.4353566
mol_1421,2.124524
mol_1422,1.6975073
mol_1423,3.2722201
mol_1424,2.1234984
mol_1425,4.690681
mol_1426,2.3229403
mol_1427,1.8640774
mol_1428,2.83363
mol_1429,4.724517
mol_1430,0.33091453
mol_1431,4.3941813
mol_1432,3.206983
mol_1433,4.227672
mol_1434,1.1301634
mol_1435,0.31882805
mol_1436,1.7816048
mol_1437,1.0668242
mol_1438,4.1247253
mol_1439,4.2052317
mol_1440,1.0932032
mol_1441,1.8589163
mol_1442,0.31917065
mol_1443,1.406986
mol_1444,3.528359
mol_1445,3.8213801
mol_1446,1.7050657
mol_1447,2.8667202
mol_1448,3.974895
mol_1449,1.5827904
mol_1450,1.4900235
mol_1451,2.187252
mol_1452,3.414822
mol_1453,2.1522832
mol_1454,3.8386645
mol_1455,4.237541
mol_1456,3.4270701
mol_1457,4.3214774
mol_1458,0.33449128
mol_1459,3.808189
mol_1460,1.4580464
mol_1461,3.8640509
mol_1462,3.9123769
mol_1463,5.0270042
mol_1464,1.1939881
mol_1465,4.388395
mol_1466,1.600746
mol_1467,1.7140421
mol_1468,1.7018694
mol_1469,3.5067763
mol_1470,0.3361083
mol_1471,1.1625249
mol_1472,2.7409663
mol_1473,2.0727534
mol_1474,1.4220049
mol_1475,3.1868777
mol_1476,2.5456815
mol_1477,1.602216
mol_1478,4.3791256
mol_1479,2.949079
mol_1480,1.5203545
mol_1481,4.2700496
mol_1482,3.859025
mol_1483,4.2466884
mol_1484,1.6831145
mol_1485,1.471325
mol_1486,4.5381947
mol_1487,2.1415172
mol_1488,1.9739338
mol_1489,4.31345
mol_1490,3.3513994
mol_1491,1.8539973
mol_1492,1.453753
mol_1493,1.941131
mol_1494,1.8784401
mol_1495,1.5988085
mol_1496,2.1233234
mol_1497,1.8048466
mol_1498,1.6788917
mol_1499,1.852738
mol_1500,3.195675
mol_1501,1.0437367
mol_1502,0.38608402
mol_1503,1.2492123
mol_1504,1.5443172
mol_1505,3.734006
mol_1506,1.571408
mol_1507,1.7633194
mol_1508,3.1904626
mol_1509,3.5011106
mol_1510,1.3181701
mol_1511,1.756415
mol_1512,2.4366992
mol_1513,2.9866705
mol_1514,3.4688873
mol_1515,1.8873628
mol_1516,3.4110126
mol_1517,1.673326
mol_1518,1.7039074
mol_1519,1.7588614
mol_1520,1.861696
mol_1521,2.2348585
mol_1522,2.5435798
mol_1523,3.5327172
mol_1524,4.1162806
mol_1525,5.90385
mol_1526,1.9315494
mol_1527,5.3912263
mol_1528,4.725582
mol_1529,0.7095245
mol_1530,1.59859
mol_1531,2.0058422
mol_1532,2.2779837
mol_1533,2.8975825
mol_1534,4.602535
mol_1535,1.3479016
mol_1536,1.3919576
mol_1537,1.855586
mol_1538,4.692481
mol_1539,3.6978717
mol_1540,1.6613193
mol_1541,4.2671013
mol_1542,1.8645681
mol_1543,5.89367
mol_1544,0.7280583
mol_1545,0.81909704
mol_1546,5.051411
mol_1547,2.512323
mol_1548,2.6721773
mol_1549,4.0772123
mol_1550,1.5458826
mol_1551,1.6650847
mol_1552,5.339482
mol_1553,1.9926897
mol_1554,2.1763682
mol_1555,5.695046
mol_1556,1.2982539
mol_1557,3.428824
mol_1558,2.8703184
mol_1559,1.594873
mol_1560,2.9981031
mol_1561,2.8419437
mol_1562,1.1798913
mol_1563,2.587349
mol_1564,2.3097687
mol_1565,1.3694096
mol_1566,1.2661952
mol_1567,1.606691
mol_1568,1.6635575
mol_1569,3.737588
mol_1570,3.4320302
mol_1571,2.324295
mol_1572,2.1117616
mol_1573,2.040213
mol_1574,7.3615046
mol_1575,3.0165758
mol_1576,2.9108195
mol_1577,3.7728767
mol_1578,1.3141315
mol_1579,1.3748696
mol_1580,2.2875812
mol_1581,6.683004
mol_1582,2.1442451
mol_1583,1.2365022
mol_1584,1.239876
mol_1585,3.1629152
mol_1586,4.1045322
mol_1587,0.3011995
mol_1588,2.1202695
mol_1589,2.4156976
mol_1590,1.7826164
mol_1591,1.6873872
mol_1592,4.4949465
mol_1593,3.0401545
mol_1594,3.467328
mol_1595,2.4270525
mol_1596,1.9772121
mol_1597,1.0292178
mol_1598,3.058261
mol_1599,3.0676408
mol_1600,2.1549854
mol_1601,1.4929192
mol_1602,2.0518093
mol_1603,3.7546477
mol_1604,1.9929085
mol_1605,1.753548
mol_1606,4.2776413
mol_1607,2.0249019
mol_1608,2.3521004
mol_1609,1.3017104
mol_1610,3.2882152
mol_1611,1.376961
mol_1612,1.4792964
mol_1613,2.7037754
mol_1614,4.151162
mol_1615,2.5695796
mol_1616,2.2804904
mol_1617,3.2804446
mol_1618,1.2082621
mol_1619,2.4788718
mol_1620,3.3377771
mol_1621,4.01947
mol_1622,4.0354934
mol_1623,1.8432856
mol_1624,1.8922893
mol_1625,3.4996467
mol_1626,2.7471733
mol_1627,1.1707163
mol_1628,2.0566592
mol_1629,4.240408
mol_1630,2.8263435
mol_1631,4.479524
mol_1632,1.1925619
mol_1633,2.070415
mol_1634,2.9620914
mol_1635,4.312279
mol_1636,2.6299381
mol_1637,1.5506012
mol_1638,5.3539853
mol_1639,3.2488542
mol_1640,1.8779007
mol_1641,1.7571527
mol_1642,1.5478952
mol_1643,2.9906158
mol_1644,1.0095296
mol_1645,1.328267
mol_1646,1.9571441
mol_1647,1.9250258
mol_1648,0.30658796
mol_1649,2.5074043
mol_1650,0.5454908
mol_1651,1.1352
mol_1652,1.4785676
mol_1653,1.5490088
mol_1654,5.07512
mol_1655,3.1299467
mol_1656,2.4474306
mol_1657,1.4047042
mol_1658,6.691922
mol_1659,2.4927034
mol_1660,2.9243813
mol_1661,3.2597437
mol_1662,3.8197904
mol_1663,2.4576964
mol_1664,4.230503
mol_1665,2.0648036
mol_1666,0.5115608
mol_1667,5.120794
mol_1668,1.2069862
mol_1669,2.4123924
mol_1670,1.9949405
mol_1671,4.0443664
mol_1672,3.4296217
mol_1673,0.3080121
mol_1674,0.80400753
mol_1675,5.176615
mol_1676,3.9425635
mol_1677,3.1063185
mol_1678,0.67071354
mol_1679,4.0499806
mol_1680,1.9648843
mol_1681,2.2345142
mol_1682,2.0607443
mol_1683,1.8789514
mol_1684,4.47319
mol_1685,6.3020167
mol_1686,4.2370243
mol_1687,3.692903
mol_1688,3.0898957
mol_1689,3.859971
mol_1690,3.6641378
mol_1691,2.8557315
mol_1692,1.7883304
mol_1693,3.2537127
mol_1694,1.7080559
mol_1695,5.5036263
mol_1696,5.1445484
mol_1697,3.7825313
mol_1698,2.2929726
mol_1699,2.4405537
mol_1700,1.7976464
mol_1701,2.9989781
mol_1702,2.307601
mol_1703,1.1786157
mol_1704,1.5780228
mol_1705,0.43561572
mol_1706,1.2488751
mol_1707,4.9601445
mol_1708,0.5362822
mol_1709,1.0226383
mol_1710,2.5201616
mol_1711,3.2413683
mol_1712,2.3917933
mol_1713,1.0769689
mol_1714,2.6976495
mol_1715,2.8134122
mol_1716,4.1308155
mol_1717,1.7656875
mol_1718,2.713328
mol_1719,1.572762
mol_1720,2.2389228
mol_1721,1.1183791
mol_1722,2.2667494
mol_1723,2.9338589
mol_1724,1.2854034
mol_1725,2.3418262
mol_1726,0.3148184
mol_1727,4.0889907
mol_1728,2.030698
mol_1729,1.325274
mol_1730,1.9408008
mol_1731,4.2662106
mol_1732,0.64441854
mol_1733,2.437901
mol_1734,2.9671516
mol_1735,3.7496848
mol_1736,2.6207256
mol_1737,5.8424315
mol_1738,5.8779078
mol_1739,4.903685
mol_1740,1.657553
mol_1741,0.33821234
mol_1742,3.670405
mol_1743,1.6927506
mol_1744,1.4043747
mol_1745,5.6889215
mol_1746,1.0774906
mol_1747,0.31536973
mol_1748,1.5537046
mol_1749,1.3811517
mol_1750,2.6563573
mol_1751,3.0277
mol_1752,2.531052
mol_1753,1.658634
mol_1754,2.5080504
mol_1755,1.9723111
mol_1756,2.1452522
mol_1757,1.6723416
mol_1758,1.5659826
mol_1759,0.8102348
mol_1760,3.0632253
mol_1761,2.864627
mol_1762,1.555932
mol_1763,3.010456
mol_1764,1.891273
mol_1765,4.9190936
mol_1766,0.2792144
mol_1767,3.1606941
mol_1768,6.3941445
mol_1769,5.789342
mol_1770,3.981093
mol_1771,3.5825777
mol_1772,2.9327064
mol_1773,0.33952817
mol_1774,4.9659977
mol_1775,3.3641791
mol_1776,2.2935665
mol_1777,1.5585189
mol_1778,3.9659243
mol_1779,2.5477448
mol_1780,2.784884
mol_1781,4.7342873
mol_1782,1.8259324
mol_1783,2.320064
mol_1784,3.1150842
mol_1785,1.9384973
mol_1786,3.4170322
mol_1787,1.2415484
mol_1788,1.2968853
mol_1789,6.2553096
mol_1790,1.5482846
mol_1791,1.6597207
mol_1792,1.4227494
mol_1793,1.4066684
mol_1794,1.2652837
mol_1795,4.398094
mol_1796,2.053496
mol_1797,3.8865614
mol_1798,5.8109307
mol_1799,2.483994
mol_1800,3.702671
mol_1801,1.5183046
mol_1802,1.3148874
mol_1803,2.76895
mol_1804,1.558102
mol_1805,1.7417821
mol_1806,2.4429324
mol_1807,3.6994648
mol_1808,4.059665
mol_1809,1.0005025
mol_1810,3.7296076
mol_1811,1.4182564
mol_1812,3.190034
mol_1813,0.7767046
mol_1814,4.313509
mol_1815,4.3893213
mol_1816,3.5782533
mol_1817,1.2635235
mol_1818,2.542877
mol_1819,2.026287
mol_1820,1.3826272
mol_1821,2.7875767
mol_1822,1.1040882
mol_1823,4.324514
mol_1824,3.259676
mol_1825,0.35764408
mol_1826,2.8610249
mol_1827,3.081728
mol_1828,1.749387
mol_1829,2.753789
mol_1830,1.9365038
mol_1831,2.5589237
mol_1832,2.0750875
mol_1833,4.251961
mol_1834,2.3958097
mol_1835,4.936382
mol_1836,1.8856522
mol_1837,4.6109366
mol_1838,2.8152227
mol_1839,1.44586
mol_1840,1.4775441
mol_1841,3.9689984
mol_1842,2.507946
mol_1843,2.653088
mol_1844,2.2336712
mol_1845,2.5077481
mol_1846,1.7640247
mol_1847,1.9091963
mol_1848,4.365002
mol_1849,1.1470187
mol_1850,2.0008433
mol_1851,1.8803184
mol_1852,3.1233926
mol_1853,4.336462
mol_1854,2.3488855
mol_1855,2.8913379
mol_1856,2.0435395
mol_1857,2.8188844
mol_1858,4.1952677
mol_1859,0.38729164
mol_1860,3.9690013
mol_1861,1.1534469
mol_1862,1.5404011
mol_1863,1.9414676
mol_1864,1.8391912
mol_1865,3.0324574
mol_1866,1.3956505
mol_1867,1.6851912
mol_1868,2.4320927
mol_1869,4.1979513
mol_1870,1.3116348
mol_1871,0.36605546
mol_1872,4.879812
mol_1873,0.5583751
mol_1874,2.5151286
mol_1875,1.6577604
mol_1876,0.92367744
mol_1877,3.514183
mol_1878,3.1740193
mol_1879,1.4937538
mol_1880,1.4315845
mol_1881,1.2616389
mol_1882,2.0562258
mol_1883,1.0870221
mol_1884,1.4860154
mol_1885,2.4175348
mol_1886,4.598374
mol_1887,2.0908084
mol_1888,1.3993554
mol_1889,1.3110758
mol_1890,3.1918225
mol_1891,5.8462815
mol_1892,3.7453618
mol_1893,1.8859738
mol_1894,1.423608
mol_1895,1.5693104
mol_1896,2.420796
mol_1897,1.4654617
mol_1898,4.066102
mol_1899,3.3001494
mol_1900,2.2845263
mol_1901,4.077367
mol_1902,2.1382194
mol_1903,1.3510021
mol_1904,4.5443835
mol_1905,2.3126402
mol_1906,5.1918616
mol_1907,5.6206937
mol_1908,1.1453626
mol_1909,1.4246585
mol_1910,2.5211778
mol_1911,2.101173
mol_1912,3.1521559
mol_1913,3.3767018
mol_1914,1.7862282
mol_1915,2.3753128
mol_1916,1.5714734
mol_1917,2.0260549
mol_1918,2.064828
mol_1919,3.2516441
mol_1920,2.5320487
mol_1921,1.9645152
mol_1922,1.9393071
mol_1923,2.6224651
mol_1924,0.34320116
mol_1925,2.3847418
mol_1926,2.0376816
mol_1927,4.0864215
mol_1928,2.0765996
mol_1929,1.4102234
mol_1930,1.3234569
mol_1931,1.6921706
mol_1932,4.8274198
mol_1933,4.420763
mol_1934,3.1394172
mol_1935,3.433837
mol_1936,5.056727
mol_1937,2.235886
mol_1938,1.5882733
mol_1939,4.1649585
mol_1940,3.0414457
mol_1941,1.7873664
mol_1942,2.2415776
mol_1943,2.4443011
mol_1944,2.4717808
mol_1945,2.3000998
mol_1946,3.8398428
mol_1947,4.443038
mol_1948,2.2445502
mol_1949,1.295197
mol_1950,2.8967762
mol_1951,3.2604265
mol_1952,5.2160277
mol_1953,1.4060384
mol_1954,1.5717269
mol_1955,4.4561973
mol_1956,3.562551
mol_1957,3.1665163
mol_1958,1.2676278
mol_1959,4.5780296
mol_1960,2.594112
mol_1961,2.0447998
mol_1962,1.1364853
mol_1963,2.2807157
mol_1964,1.9025471
mol_1965,0.5945959
mol_1966,2.5856643
mol_1967,5.8287077
mol_1968,4.918004
mol_1969,1.9195845
mol_1970,1.4476235
mol_1971,1.7150416
mol_1972,5.9501305
mol_1973,4.2075915
mol_1974,5.2065797
mol_1975,4.9006634
mol_1976,1.8587841
mol_1977,2.6583776
mol_1978,1.6903614
mol_1979,3.4439368
mol_1980,1.6944889
mol_1981,4.4451795
mol_1982,4.3336563
mol_1983,4.511018
mol_1984,1.8762684
mol_1985,3.8767166
mol_1986,1.317768
mol_1987,3.7445068
mol_1988,2.8248873
mol_1989,2.9082894
mol_1990,2.0722466
mol_1991,3.1826224
mol_1992,4.370019
mol_1993,4.744736
mol_1994,1.3900982
mol_1995,2.5953412
mol_1996,0.75091183
mol_1997,2.9808412
mol_1998,0.99704766
mol_1999,0.8295093
mol_2000,2.858005
mol_2001,2.2140334
mol_2002,1.4820851
mol_2003,3.9062953
mol_2004,7.480275
mol_2005,1.5932591
mol_2006,2.1494212
mol_2007,4.68119
mol_2008,2.053082
mol_2009,5.543266
mol_2010,4.6068254
mol_2011,3.2211304
mol_2012,3.5682793
mol_2013,3.9352555
mol_2014,2.615693
mol_2015,2.338231
mol_2016,3.0646458
mol_2017,2.58317
mol_2018,3.4357147
mol_2019,3.2084002
mol_2020,3.1383877
mol_2021,3.9749975
mol_2022,2.8842196
mol_2023,2.4555514
mol_2024,5.6153884
mol_2025,4.836804
mol_2026,3.818253
mol_2027,1.4053143
mol_2028,3.2278023
mol_2029,3.5312586
mol_2030,3.2992024
mol_2031,2.6559868
mol_2032,1.3872908
mol_2033,1.3482646
mol_2034,2.4106178
mol_2035,1.7052732
mol_2036,1.3830224
mol_2037,4.8937583
mol_2038,1.6842701
mol_2039,2.3807259
mol_2040,1.9818429
mol_2041,3.005332
mol_2042,2.5594912
mol_2043,4.183899
mol_2044,1.5222085
mol_2045,4.8831534
mol_2046,1.7534767
mol_2047,2.6723669
mol_2048,2.1785092
mol_2049,4.187463
mol_2050,5.547439
mol_2051,2.7532358
mol_2052,2.4693966
mol_2053,2.6251945
mol_2054,2.0374928
mol_2055,1.6782019
mol_2056,3.0062518
mol_2057,3.5216513
mol_2058,3.7978878
mol_2059,6.6161675
mol_2060,0.3753609
mol_2061,2.0845337
mol_2062,2.1189036
mol_2063,1.6084077
mol_2064,3.4752488
mol_2065,3.8741498
mol_2066,1.6535395
mol_2067,4.809469
mol_2068,3.6125202
mol_2069,1.7420678
mol_2070,1.8743331
mol_2071,2.2701592
mol_2072,3.2957792
mol_2073,4.506905
mol_2074,1.9332404
mol_2075,3.0041533
mol_2076,5.262762
mol_2077,2.4509559
mol_2078,1.5073105
mol_2079,2.5607662
mol_2080,2.444816
mol_2081,1.3044162
mol_2082,3.0392294
mol_2083,2.226192
mol_2084,1.5732781
mol_2085,3.5364704
mol_2086,0.6742698
mol_2087,2.1753612
mol_2088,5.303349
mol_2089,1.6529071
mol_2090,1.1686045
mol_2091,2.1387224
mol_2092,3.375023
mol_2093,4.066511
mol_2094,1.3666165
mol_2095,2.9983072
mol_2096,4.416214
mol_2097,1.4110141
mol_2098,2.3242958
mol_2099,2.6473355
mol_2100,4.4819436
mol_2101,3.0253158
mol_2102,2.615096
mol_2103,2.742039
mol_2104,1.7375765
mol_2105,1.0922363
mol_2106,1.7335184
mol_2107,2.451507
mol_2108,3.5254269
mol_2109,3.1009383
mol_2110,1.9517282
mol_2111,4.1232643
mol_2112,3.8030062
mol_2113,2.0358887
mol_2114,1.8031305
mol_2115,3.6043978
mol_2116,1.7384622
mol_2117,2.5035684
mol_2118,1.4507241
mol_2119,3.485362
mol_2120,2.148632
mol_2121,1.4084309
mol_2122,2.0123234
mol_2123,3.6797762
mol_2124,2.090728
mol_2125,1.1450444
mol_2126,2.5016847
mol_2127,1.9654773
mol_2128,4.411438
mol_2129,1.6245996
mol_2130,4.222411
mol_2131,3.2363462
mol_2132,1.0197761
mol_2133,2.4577007
mol_2134,2.6814656
mol_2135,1.5804601
mol_2136,1.7796754
mol_2137,0.35977632
mol_2138,6.011433
mol_2139,3.3406448
mol_2140,0.39918363
mol_2141,1.8979219
mol_2142,1.92825
mol_2143,6.265966
mol_2144,1.653717
mol_2145,2.082745
mol_2146,4.696824
mol_2147,2.0170116
mol_2148,4.8320947
mol_2149,3.4404836
mol_2150,2.2459729
mol_2151,1.5229911
mol_2152,4.9162765
mol_2153,1.7347043
mol_2154,7.5265827
mol_2155,2.0547128
mol_2156,5.054518
mol_2157,2.5322814
mol_2158,1.645689
mol_2159,4.8827767
mol_2160,1.7093561
mol_2161,0.890557
mol_2162,4.3540287
mol_2163,2.7279978
mol_2164,2.4893355
mol_2165,5.449816
mol_2166,3.0945363
mol_2167,4.293419
mol_2168,6.051455
mol_2169,3.7738328
mol_2170,1.8019702
mol_2171,0.38772672
mol_2172,1.8943766
mol_2173,3.6876793
mol_2174,3.458963
mol_2175,3.1014132
mol_2176,3.1844883
mol_2177,5.175962
mol_2178,4.206033
mol_2179,4.040192
mol_2180,2.7436123
mol_2181,1.2470931
mol_2182,1.6940081
mol_2183,1.106964
mol_2184,2.9149003
mol_2185,0.2862739
mol_2186,4.2786236
mol_2187,2.8023105
mol_2188,2.2078753
mol_2189,2.4797883
mol_2190,3.199627
mol_2191,3.7685509
mol_2192,2.2178445
mol_2193,3.9063983
mol_2194,1.7647702
mol_2195,1.2501564
mol_2196,4.737997
mol_2197,4.155177
mol_2198,2.0758557
mol_2199,3.3632736
mol_2200,1.4420809
mol_2201,1.7772487
mol_2202,5.19648
mol_2203,4.292515
mol_2204,2.3641217
mol_2205,3.876389
mol_2206,1.2250361
mol_2207,3.9199486
mol_2208,0.8218841
mol_2209,2.9829154
mol_2210,3.4172225
mol_2211,1.653426
mol_2212,2.6125627
mol_2213,1.3285232
mol_2214,4.40678
mol_2215,2.8242035
mol_2216,1.3255606
mol_2217,3.1851597
mol_2218,1.4233578
mol_2219,3.4026623
mol_2220,2.6654239
mol_2221,1.7685411
mol_2222,2.0301871
mol_2223,2.1176968
mol_2224,1.5369722
mol_2225,3.3079367
mol_2226,1.3602996
mol_2227,1.0720267
mol_2228,2.3262582
mol_2229,2.8234868
mol_2230,3.3559027
mol_2231,2.5622478
mol_2232,3.326233
mol_2233,3.4917502
mol_2234,4.5082183
mol_2235,2.7150817
mol_2236,2.6441631
mol_2237,2.1674018
mol_2238,2.3797007
mol_2239,3.4004984
mol_2240,3.0054693
mol_2241,4.6628566
mol_2242,1.8042847
mol_2243,1.7248039
mol_2244,1.9691789
mol_2245,1.5760424
mol_2246,4.838488
mol_2247,3.7003021
mol_2248,1.125373
mol_2249,4.251002
mol_2250,4.997227
mol_2251,4.2523694
mol_2252,1.337915
mol_2253,2.4111516
mol_2254,3.800374
mol_2255,2.18608
mol_2256,3.0298147
mol_2257,2.1057591
mol_2258,1.8164393
mol_2259,1.9484769
mol_2260,2.1516242
mol_2261,3.1368961
mol_2262,1.4759426
mol_2263,2.6376996
mol_2264,1.5327014
mol_2265,2.857685
mol_2266,1.3827798
mol_2267,3.1506581
mol_2268,1.6225986
mol_2269,1.4409589
mol_2270,4.8596
mol_2271,1.0768538
mol_2272,3.3886104
mol_2273,2.7665672
mol_2274,1.4464784
mol_2275,2.3731132
mol_2276,0.63561875
mol_2277,3.3125863
mol_2278,2.3549452
mol_2279,2.301258
mol_2280,1.9992641
mol_2281,1.3463202
mol_2282,1.5983502
mol_2283,1.8104407
mol_2284,0.38188902
mol_2285,5.670268
mol_2286,1.8182014
mol_2287,2.5376725
mol_2288,5.5461664
mol_2289,1.3895556
mol_2290,3.9824505
mol_2291,5.04588
mol_2292,2.2599263
mol_2293,1.8782326
mol_2294,2.5923088
mol_2295,1.1993135
mol_2296,1.2889361
mol_2297,2.6873949
mol_2298,2.9323993
mol_2299,1.5401962
mol_2300,3.5755825
mol_2301,1.4392098
mol_2302,2.0684867
mol_2303,2.7383773
mol_2304,1.8874203
mol_2305,2.808752
mol_2306,1.6531447
mol_2307,1.330281
mol_2308,0.33890224
mol_2309,4.1815786
mol_2310,4.016703
mol_2311,1.9006573
mol_2312,1.8552005
mol_2313,3.3813486
mol_2314,4.1439013
mol_2315,4.001012
mol_2316,1.9578351
mol_2317,2.844389
mol_2318,2.224959
mol_2319,3.6690054
mol_2320,2.213966
mol_2321,5.826204
mol_2322,4.4211807
mol_2323,4.7515736
mol_2324,0.3860574
mol_2325,3.62391
mol_2326,2.9561653
mol_2327,3.5301385
mol_2328,3.9346251
mol_2329,5.0284986
mol_2330,2.95364
mol_2331,3.8353982
mol_2332,3.4941382
mol_2333,1.1942041
mol_2334,4.60962
mol_2335,2.0120234
mol_2336,4.3543816
mol_2337,1.092426
mol_2338,4.358417
mol_2339,1.9077088
mol_2340,2.5702145
mol_2341,1.331224
mol_2342,3.8527813
mol_2343,1.7150769
mol_2344,1.0571096
mol_2345,3.461533
mol_2346,1.790445
mol_2347,2.0424376
mol_2348,4.754639
mol_2349,3.936831
mol_2350,3.2368417
mol_2351,2.1037927
mol_2352,2.9433413
mol_2353,2.816484
mol_2354,3.4523163
mol_2355,1.234555
mol_2356,3.6436124
mol_2357,1.9813567
mol_2358,4.544536
mol_2359,2.9246879
mol_2360,3.5684261
mol_2361,2.6258097
mol_2362,6.5606027
mol_2363,3.135108
mol_2364,1.937503
mol_2365,1.1216068
mol_2366,1.3625675
mol_2367,4.9090123
mol_2368,5.045791
mol_2369,1.5975285
mol_2370,0.7957338
mol_2371,1.7752408
mol_2372,3.7554345
mol_2373,4.4569354
mol_2374,1.3511944
mol_2375,2.744361
mol_2376,2.6992788
mol_2377,2.1803021
mol_2378,4.750274
mol_2379,3.1699567
mol_2380,1.045051
mol_2381,3.2438378
mol_2382,2.094767
mol_2383,1.941624
mol_2384,1.4692416
mol_2385,1.3426442
mol_2386,4.8321795
mol_2387,1.5164988
mol_2388,3.8133698
mol_2389,2.931806
mol_2390,3.677803
mol_2391,1.8918222
mol_2392,2.8954768
mol_2393,3.8550525
mol_2394,5.70324
mol_2395,1.696229
mol_2396,1.2950497
mol_2397,1.6360383
mol_2398,1.2901173
mol_2399,2.0133123
mol_2400,1.3349032
mol_2401,4.050335
mol_2402,4.0195575
mol_2403,4.252334
mol_2404,1.6185225
mol_2405,2.0060816
mol_2406,0.8293795
mol_2407,2.837985
mol_2408,4.5009737
mol_2409,4.083192
mol_2410,2.595317
mol_2411,1.590928
mol_2412,2.6177363
mol_2413,1.9257929
mol_2414,3.715619
mol_2415,0.66641194
mol_2416,3.908657
mol_2417,3.6420069
mol_2418,1.703126
mol_2419,2.7634673
mol_2420,0.35547006
mol_2421,2.2914672
mol_2422,4.853126
mol_2423,1.439606
mol_2424,4.624832
mol_2425,3.1641579
mol_2426,2.5081422
mol_2427,1.7832495
mol_2428,3.3104653
mol_2429,4.11071
mol_2430,1.4872997
mol_2431,1.9887425
mol_2432,4.016819
mol_2433,3.2033234
mol_2434,3.0933852
mol_2435,0.7972104
mol_2436,2.8237562
mol_2437,7.619931
mol_2438,1.1792375
mol_2439,3.1522794
mol_2440,0.99796
mol_2441,0.5321423
mol_2442,3.6599855
mol_2443,2.3653104
mol_2444,1.6927841
mol_2445,3.2484565
mol_2446,4.835173
mol_2447,3.7539783
mol_2448,2.782455
mol_2449,5.169435
mol_2450,0.33772388
mol_2451,4.2383575
mol_2452,1.8532151
mol_2453,2.8035522
mol_2454,3.4633489
mol_2455,5.5745482
mol_2456,1.9934045
mol_2457,1.0756179
mol_2458,1.4166596
mol_2459,1.7762915
mol_2460,1.3768656
mol_2461,2.029506
mol_2462,1.2653081
mol_2463,5.269113
mol_2464,0.4017778
mol_2465,3.0031104
mol_2466,2.6048653
mol_2467,1.9590839
mol_2468,2.5768313
mol_2469,2.9514856
mol_2470,0.9370384
mol_2471,1.8337642
mol_2472,5.239576
mol_2473,2.2458858
mol_2474,2.7930117
mol_2475,3.8072162
mol_2476,2.5967498
mol_2477,3.328228
mol_2478,1.3893496
mol_2479,1.710953
mol_2480,2.3784323
mol_2481,1.3098634
mol_2482,1.1772625
mol_2483,4.0408287
mol_2484,1.4320763
mol_2485,4.002734
mol_2486,3.982201
mol_2487,1.7962548
mol_2488,3.8247542
mol_2489,2.3340497
mol_2490,1.7943414
mol_2491,1.5968667
mol_2492,1.5001404
mol_2493,2.2424355
mol_2494,2.7338212
mol_2495,0.35915416
mol_2496,3.121189
mol_2497,0.3564073
mol_2498,3.5793467
mol_2499,1.8933498
mol_2500,3.8859887
mol_2501,1.6595037
mol_2502,5.236213
mol_2503,2.4286737
mol_2504,2.0232117
mol_2505,2.421321
mol_2506,2.2907257
mol_2507,1.78292
mol_2508,1.9787347
mol_2509,1.3725095
mol_2510,0.40006995
mol_2511,3.0459833
mol_2512,1.5862927
mol_2513,1.3592404
mol_2514,1.1472692
mol_2515,3.1242385
mol_2516,5.3718076
mol_2517,2.4258094
mol_2518,3.0574193
mol_2519,1.3031666
mol_2520,1.6381058
mol_2521,1.6097773
mol_2522,3.4364157
mol_2523,0.27356836
mol_2524,2.8230648
mol_2525,2.9600563
mol_2526,2.0770564
mol_2527,3.189642
mol_2528,3.3376317
mol_2529,5.668848
mol_2530,4.5847406
mol_2531,3.1947918
mol_2532,2.7448554
mol_2533,1.8422503
mol_2534,1.3684149
mol_2535,1.4534453
mol_2536,1.7224162
mol_2537,2.870719
mol_2538,1.5661992
mol_2539,5.081535
mol_2540,2.6304579
mol_2541,2.2290816
mol_2542,1.164759
mol_2543,2.872096
mol_2544,4.6216598
mol_2545,1.3288121
mol_2546,1.8600453
mol_2547,3.7034273
mol_2548,4.001319
mol_2549,1.8895396
mol_2550,3.2130847
mol_2551,1.0360193
mol_2552,3.8853717
mol_2553,5.0709157
mol_2554,2.191082
mol_2555,1.7129159
mol_2556,1.60498
mol_2557,3.7996478
mol_2558,2.426045
mol_2559,2.9765458
mol_2560,1.6407433
mol_2561,1.1228507
mol_2562,1.54438
mol_2563,1.372225
mol_2564,2.8368258
mol_2565,2.1455464
mol_2566,1.1298254
mol_2567,3.0931382
mol_2568,0.4255777
mol_2569,5.570041
mol_2570,3.5656114
mol_2571,5.033332
mol_2572,2.2190719
mol_2573,1.360425
mol_2574,3.627994
mol_2575,1.9345609
mol_2576,1.8438867
mol_2577,0.33129954
mol_2578,1.2796478
mol_2579,1.8043559
mol_2580,2.6509264
mol_2581,2.984568
mol_2582,3.3478894
mol_2583,3.7601333
mol_2584,1.7641107
mol_2585,4.5352726
mol_2586,6.240731
mol_2587,3.3343768
mol_2588,3.9861007
mol_2589,1.5464871
mol_2590,4.3661175
mol_2591,1.3748091
mol_2592,4.706916
mol_2593,1.4787345
mol_2594,2.387625
mol_2595,0.3921622
mol_2596,2.430317
mol_2597,3.0995169
mol_2598,1.8235555
mol_2599,2.4444637
mol_2600,4.017485
mol_2601,2.8328629
mol_2602,1.0020466
mol_2603,2.0196552
mol_2604,3.609077
mol_2605,1.514858
mol_2606,4.408799
mol_2607,2.3208776
mol_2608,4.224495
mol_2609,5.192462
mol_2610,1.2933232
mol_2611,2.7435608
mol_2612,2.772767
mol_2613,0.9629475
mol_2614,4.047883
mol_2615,0.34580976
mol_2616,1.0386832
mol_2617,1.6731862
mol_2618,2.4202425
mol_2619,3.5184631
mol_2620,0.34130847
mol_2621,1.5483254
mol_2622,4.397912
mol_2623,1.2818723
mol_2624,4.730317
mol_2625,5.4924
mol_2626,2.6441402
mol_2627,0.3182326
mol_2628,2.096334
mol_2629,3.7343102
mol_2630,2.6074114
mol_2631,3.3387551
mol_2632,3.0216055
mol_2633,1.7521995
mol_2634,4.034655
mol_2635,1.2819073
mol_2636,3.8577619
mol_2637,0.3804918
mol_2638,2.7015152
mol_2639,5.7866073
mol_2640,2.5144615
mol_2641,4.8766274
mol_2642,2.8969884
mol_2643,2.251763
mol_2644,1.3895588
mol_2645,0.7227646
mol_2646,3.3777852
mol_2647,2.1404877
mol_2648,5.621816
mol_2649,3.6988144
mol_2650,2.5197747
mol_2651,1.4817103
mol_2652,2.5791082
mol_2653,2.1910095
mol_2654,2.266355
mol_2655,3.7192674
mol_2656,1.6653407
mol_2657,1.4557564
mol_2658,0.3771441
mol_2659,4.102719
mol_2660,3.5158262
mol_2661,4.2915325
mol_2662,1.1616558
mol_2663,1.6839064
mol_2664,3.6221142
mol_2665,3.5269647
mol_2666,2.9719596
mol_2667,1.6204587
mol_2668,1.6944139
mol_2669,3.7766995
mol_2670,2.093257
mol_2671,2.1365128
mol_2672,3.4295726
mol_2673,0.3079142
mol_2674,1.0737535
mol_2675,4.2518015
mol_2676,2.0093627
mol_2677,2.4314573
mol_2678,1.8719236
mol_2679,1.5951862
mol_2680,3.0905309
mol_2681,2.1932778
mol_2682,3.1090083
mol_2683,1.2921004
mol_2684,1.0995431
mol_2685,2.6783662
mol_2686,1.7554905
mol_2687,0.31292585
mol_2688,1.2027087
mol_2689,3.7512455
mol_2690,1.5608675
mol_2691,4.327342
mol_2692,1.621804
mol_2693,2.5400124
mol_2694,4.1269956
mol_2695,4.013123
mol_2696,2.2848978
mol_2697,1.4513559
mol_2698,2.3757772
mol_2699,3.0821905
mol_2700,3.3521
mol_2701,4.7338824
mol_2702,4.7515016
mol_2703,1.068579
mol_2704,5.0344663
mol_2705,1.5281342
mol_2706,1.7093709
mol_2707,4.6518307
mol_2708,4.249621
mol_2709,4.165582
mol_2710,2.4791036
mol_2711,3.0205731
mol_2712,1.3491209
mol_2713,2.3281565
mol_2714,1.189259
mol_2715,3.8456125
mol_2716,3.8701177
mol_2717,2.4729729
mol_2718,2.5363812
mol_2719,3.0558882
mol_2720,1.2122099
mol_2721,0.69753313
mol_2722,1.9837841
mol_2723,3.0635843
mol_2724,2.2639225
mol_2725,4.853353
mol_2726,1.487669
mol_2727,0.28563142
mol_2728,2.4806495
mol_2729,6.347041
mol_2730,1.7350371
mol_2731,3.7198067
mol_2732,1.7069372
mol_2733,2.119348
mol_2734,4.305845
mol_2735,1.3929496
mol_2736,5.0841336
mol_2737,4.316964
mol_2738,4.5675254
mol_2739,4.1062613
mol_2740,2.6340299
mol_2741,1.8214425
mol_2742,3.8767424
mol_2743,6.209075
mol_2744,1.1936387
mol_2745,1.4544898
mol_2746,2.8196764
mol_2747,1.0324892
mol_2748,2.2805252
mol_2749,2.6088948
mol_2750,1.6268549
mol_2751,3.0262842
mol_2752,5.5302167
mol_2753,2.3699784
mol_2754,0.75915474
mol_2755,4.587736
mol_2756,4.1754394
mol_2757,2.9580698
mol_2758,1.8597938
mol_2759,4.594922
mol_2760,4.878445
mol_2761,3.5404377
mol_2762,1.4899575
mol_2763,2.188264
mol_2764,3.6903796
mol_2765,1.7321403
mol_2766,1.0450567
mol_2767,1.9773077
mol_2768,1.8541942
mol_2769,3.44523
mol_2770,3.5110035
mol_2771,0.77740467
mol_2772,1.9878715
mol_2773,4.423317
mol_2774,1.545637
mol_2775,1.5669342
mol_2776,4.4189863
mol_2777,1.4572039
mol_2778,3.255745
mol_2779,3.6208286
mol_2780,1.8788637
mol_2781,3.2111425
mol_2782,1.3518958
mol_2783,0.3782221
mol_2784,1.2158852
mol_2785,1.423189
mol_2786,2.192875
mol_2787,1.0675013
mol_2788,1.7247978
mol_2789,3.9204955
mol_2790,1.0248113
mol_2791,1.8994569
mol_2792,2.3062067
mol_2793,1.5372816
mol_2794,0.40055805
mol_2795,1.0463438
mol_2796,0.43424237
mol_2797,2.525621
mol_2798,1.7517482
mol_2799,1.6889696
mol_2800,2.087312
mol_2801,1.6872739
mol_2802,4.6522574
mol_2803,0.98772824
mol_2804,3.1656308
mol_2805,3.4982367
mol_2806,1.8303756
mol_2807,2.872415
mol_2808,3.5799403
mol_2809,0.7359712
mol_2810,1.4091196
mol_2811,2.2521234
mol_2812,4.3272696
mol_2813,2.9727983
mol_2814,2.039113
mol_2815,2.651516
mol_2816,5.737004
mol_2817,2.5405588
mol_2818,3.19274
mol_2819,2.3915257
mol_2820,1.6470668
mol_2821,4.2369184
mol_2822,1.7078645
mol_2823,2.4032784
mol_2824,1.4067538
mol_2825,2.3135624
mol_2826,1.6706471
mol_2827,2.7428646
mol_2828,3.8118992
mol_2829,2.0374465
mol_2830,0.4163
mol_2831,1.4598534
mol_2832,1.90792
mol_2833,0.61735195
mol_2834,2.3625517
mol_2835,2.120634
mol_2836,0.38430703
mol_2837,4.3768916
mol_2838,1.7418128
mol_2839,2.828136
mol_2840,2.9420886
mol_2841,3.2905664
mol_2842,4.7302346
mol_2843,4.2300987
mol_2844,2.0828824
mol_2845,5.0588
mol_2846,1.4373772
mol_2847,2.092544
mol_2848,1.2250597
mol_2849,1.6034508
mol_2850,3.1220412
mol_2851,1.733722
mol_2852,4.299532
mol_2853,2.7027898
mol_2854,3.5332718
mol_2855,1.0050733
mol_2856,1.3652512
mol_2857,3.9274592
mol_2858,4.565197
mol_2859,3.1453166
mol_2860,1.266835
mol_2861,0.4619481
mol_2862,4.3672175
mol_2863,1.8163499
mol_2864,4.7865686
mol_2865,3.2931385
mol_2866,4.243976
mol_2867,1.3403999
mol_2868,1.7937936
mol_2869,2.7881112
mol_2870,1.3471483
mol_2871,1.2650765
mol_2872,3.208959
mol_2873,1.4788959
mol_2874,1.4662557
mol_2875,2.208626
mol_2876,1.7812763
mol_2877,1.7942494
mol_2878,4.9501133
mol_2879,1.6373075
mol_2880,1.1855072
mol_2881,0.40008962
mol_2882,1.4704977
mol_2883,3.036808
mol_2884,4.8171973
mol_2885,4.2634315
mol_2886,2.504418
mol_2887,1.8754567
mol_2888,2.871179
mol_2889,3.4954872
mol_2890,4.132557
mol_2891,1.1058958
mol_2892,1.5797652
mol_2893,2.5228372
mol_2894,7.284276
mol_2895,4.620649
mol_2896,0.31629914
mol_2897,2.6980767
mol_2898,2.688787
mol_2899,3.1898265
mol_2900,1.9486716
mol_2901,1.9192485
mol_2902,1.7636077
mol_2903,0.8683076
mol_2904,2.9158945
mol_2905,4.7904434
mol_2906,1.7956654
mol_2907,2.8993883
mol_2908,4.4674015
mol_2909,3.4327755
mol_2910,2.011569
mol_2911,1.427619
mol_2912,1.7869176
mol_2913,2.8281913
mol_2914,1.865865
mol_2915,4.3589096
mol_2916,2.805131
mol_2917,4.513649
mol_2918,4.139002
mol_2919,2.312428
mol_2920,1.546773
mol_2921,2.3917184
mol_2922,1.7004796
mol_2923,1.6417453
mol_2924,2.6370616
mol_2925,1.0347979
mol_2926,3.2038097
mol_2927,2.8312125
mol_2928,1.3403318
mol_2929,3.9571953
mol_2930,5.879524
mol_2931,3.3382735
mol_2932,1.5905411
mol_2933,1.8322808
mol_2934,5.1046395
mol_2935,0.37646067
mol_2936,2.618051
mol_2937,1.5359507
mol_2938,1.7763578
mol_2939,2.8311105
mol_2940,3.2960548
mol_2941,0.32462126
mol_2942,1.503919
mol_2943,3.838863
mol_2944,3.0342426
mol_2945,1.372551
mol_2946,1.3505538
mol_2947,1.4696771
mol_2948,0.3949138
mol_2949,4.5899725
mol_2950,2.2417521
mol_2951,2.8155918
mol_2952,5.0845695
mol_2953,5.9417243
mol_2954,2.7300935
mol_2955,5.7541265
mol_2956,3.6951957
mol_2957,2.4741457
mol_2958,1.5930092
mol_2959,3.3621097
mol_2960,2.794681
mol_2961,2.164095
mol_2962,2.8084664
mol_2963,3.142552
mol_2964,2.425191
mol_2965,1.7785548
mol_2966,0.62336344
mol_2967,4.9050574
mol_2968,1.9495733
mol_2969,2.7671108
mol_2970,3.8717074
mol_2971,3.0493698
mol_2972,1.6571672
mol_2973,2.396034
mol_2974,3.975728
mol_2975,3.6609602
mol_2976,1.1401167
mol_2977,1.4340174
mol_2978,1.610882
mol_2979,1.614553
mol_2980,4.090333
mol_2981,2.721643
mol_2982,2.0008364
mol_2983,0.84223163
mol_2984,2.758284
mol_2985,2.214013
mol_2986,1.8365953
mol_2987,1.9039775
mol_2988,3.4034033
mol_2989,2.4789348
mol_2990,3.087604
mol_2991,5.3727922
mol_2992,3.0201187
mol_2993,3.330431
mol_2994,2.8599849
mol_2995,1.3228023
mol_2996,1.1599925
mol_2997,1.9904032
mol_2998,4.1959443
mol_2999,3.8462958
mol_3000,2.5098891
mol_3001,2.0801668
mol_3002,2.755722
mol_3003,1.6766276
mol_3004,0.92753994
mol_3005,3.6074185
mol_3006,1.214828
mol_3007,3.3717475
mol_3008,0.31863904
mol_3009,4.379556
mol_3010,4.1723657
mol_3011,2.5522337
mol_3012,1.2259138
mol_3013,2.9405751
mol_3014,4.0005307
mol_3015,2.5683463
mol_3016,3.8535485
mol_3017,2.917883
mol_3018,5.159478
mol_3019,0.816718
mol_3020,2.6584
mol_3021,1.5242262
mol_3022,2.409636
mol_3023,3.3853116
mol_3024,5.631039
mol_3025,1.5124154
mol_3026,4.325458
mol_3027,1.2882562
mol_3028,2.870298
mol_3029,2.4487767
mol_3030,1.6871839
mol_3031,1.5956695
mol_3032,3.6019282
mol_3033,1.232632
mol_3034,1.560379
mol_3035,1.7824823
mol_3036,1.7938331
mol_3037,4.400795
mol_3038,3.6796699
mol_3039,3.5346627
mol_3040,7.906694
mol_3041,1.6403841
mol_3042,1.0945144
mol_3043,3.4036603
mol_3044,3.942596
mol_3045,1.7519255
mol_3046,1.3886395
mol_3047,1.5964899
mol_3048,4.2799244
mol_3049,2.3152285
mol_3050,0.32506797
mol_3051,3.7489953
mol_3052,3.0265489
mol_3053,2.9737391
mol_3054,2.56957
mol_3055,2.7381973
mol_3056,3.2026672
mol_3057,4.9998927
mol_3058,0.6185174
mol_3059,3.1852655
mol_3060,1.3809016
mol_3061,4.7731113
mol_3062,4.826123
mol_3063,2.9655385
mol_3064,2.2320857
mol_3065,1.9242887
mol_3066,1.5122725
mol_3067,2.5245237
mol_3068,1.4959929
mol_3069,4.4085784
mol_3070,3.3198748
mol_3071,1.8232423
mol_3072,1.8090359
mol_3073,3.7308092
mol_3074,2.664892
mol_3075,0.8342402
mol_3076,1.2544938
mol_3077,1.8545601
mol_3078,2.791679
mol_3079,1.6854746
mol_3080,0.9951467
mol_3081,0.3887296
mol_3082,1.5235491
mol_3083,0.4050275
mol_3084,1.2708784
mol_3085,1.4980478
mol_3086,3.2320828
mol_3087,1.1751668
mol_3088,0.34843212
mol_3089,1.646921
mol_3090,1.4918387
mol_3091,2.3893356
mol_3092,2.244796
mol_3093,3.594594
mol_3094,3.9578052
mol_3095,4.073061
mol_3096,3.8788028
mol_3097,1.3859985
mol_3098,4.457977
mol_3099,0.9586295
mol_3100,1.4324325
mol_3101,2.4343128
mol_3102,4.6543045
mol_3103,2.928464
mol_3104,0.7554554
mol_3105,2.8505497
mol_3106,2.007543
mol_3107,1.8796448
mol_3108,2.6536977
mol_3109,3.5064692
mol_3110,1.5775766
mol_3111,2.136294
mol_3112,4.8483214
mol_3113,4.283926
mol_3114,1.163673
mol_3115,2.907494
mol_3116,3.6973457
mol_3117,5.9098125
mol_3118,1.6506767
mol_3119,2.415402
mol_3120,2.4172974
mol_3121,1.2346385
mol_3122,1.6854236
mol_3123,1.7414346
mol_3124,1.5224141
mol_3125,1.9972485
mol_3126,0.40894076
mol_3127,1.6564972
mol_3128,3.1401224
mol_3129,1.0714637
mol_3130,3.759622
mol_3131,2.4438362
mol_3132,4.5665727
mol_3133,2.0583096
mol_3134,5.2127633
mol_3135,3.2679062
mol_3136,1.0854981
mol_3137,1.4095156
mol_3138,0.3606882
mol_3139,1.635084
mol_3140,3.1392484
mol_3141,0.9275871
mol_3142,1.4421891
mol_3143,5.1519985
mol_3144,3.1683698
mol_3145,3.1506925
mol_3146,1.9970239
mol_3147,3.254313
mol_3148,2.906406
mol_3149,2.5136898
mol_3150,1.67504
mol_3151,4.4102654
mol_3152,2.2526112
mol_3153,3.3298264
mol_3154,2.8660893
mol_3155,4.580413
mol_3156,3.7213497
mol_3157,1.9845876
mol_3158,1.3747199
mol_3159,2.1477838
mol_3160,1.506941
mol_3161,4.4300976
mol_3162,0.3832096
mol_3163,1.8721968
mol_3164,1.3301603
mol_3165,1.0569642
mol_3166,5.463878
mol_3167,2.3343506
mol_3168,3.829677
mol_3169,1.791061
mol_3170,3.8787484
mol_3171,2.5241666
mol_3172,1.4452567
mol_3173,1.7476331
mol_3174,3.9518776
mol_3175,4.3147345
mol_3176,5.487725
mol_3177,2.1473575
mol_3178,0.40409538
mol_3179,3.3836594
mol_3180,4.177022
mol_3181,1.4079299
mol_3182,3.7076554
mol_3183,2.6378722
mol_3184,1.4837048
mol_3185,3.5854564
mol_3186,0.38087353
mol_3187,1.9867958
mol_3188,2.1121688
mol_3189,1.8127128
mol_3190,1.1149848
mol_3191,1.9837497
mol_3192,4.7882996
mol_3193,2.6516142
mol_3194,2.6571836
mol_3195,2.0201712
mol_3196,1.9934806
mol_3197,1.588707
mol_3198,1.9053961
mol_3199,1.8553337
mol_3200,1.4279253
mol_3201,0.9799254
mol_3202,2.808423
mol_3203,1.3057067
mol_3204,1.2155207
mol_3205,1.7567736
mol_3206,2.312469
mol_3207,2.6499982
mol_3208,2.3695736
mol_3209,1.8503727
mol_3210,1.9543346
mol_3211,1.8677831
mol_3212,2.791934
mol_3213,3.0015864
mol_3214,1.615223
mol_3215,4.741387
mol_3216,4.5769563
mol_3217,2.7971191
mol_3218,2.358313
mol_3219,2.590005
mol_3220,3.274128
mol_3221,3.0613723
mol_3222,1.7033908
mol_3223,2.0527751
mol_3224,1.4372885
mol_3225,1.3592412
mol_3226,2.7141361
mol_3227,3.5080009
mol_3228,3.1638436
mol_3229,2.159811
mol_3230,3.149991
mol_3231,4.31773
mol_3232,3.9953241
mol_3233,2.4496584
mol_3234,1.1260175
mol_3235,4.211628
mol_3236,3.9566417
mol_3237,3.4516764
mol_3238,1.3176601
mol_3239,2.7089496
mol_3240,4.287915
mol_3241,1.2003493
mol_3242,1.1019961
mol_3243,0.9920069
mol_3244,2.8097634
mol_3245,2.0923624
mol_3246,1.6770883
mol_3247,2.9697928
mol_3248,3.3729286
mol_3249,1.7247003
mol_3250,4.208417
mol_3251,7.3104644
mol_3252,0.55258715
mol_3253,3.9606786
mol_3254,1.4219396
mol_3255,3.5732331
mol_3256,3.0886865
mol_3257,1.557723
mol_3258,3.464478
mol_3259,5.793656
mol_3260,2.3216786
mol_3261,1.694931
mol_3262,2.5029235
mol_3263,2.709927
mol_3264,1.210663
mol_3265,3.5424428
mol_3266,1.7334687
mol_3267,4.29758
mol_3268,4.264539
mol_3269,2.6163237
mol_3270,2.4423969
mol_3271,2.0937138
mol_3272,2.5325499
mol_3273,1.5217156
mol_3274,0.32848096
mol_3275,2.2692432
mol_3276,3.0332103
mol_3277,2.115806
mol_3278,4.3207145
mol_3279,4.4779525
mol_3280,2.5753832
mol_3281,3.224053
mol_3282,1.2994056
mol_3283,3.6181483
mol_3284,1.8433115
mol_3285,1.4397336
mol_3286,2.9870415
mol_3287,4.1748805
mol_3288,2.2726269
mol_3289,4.342426
mol_3290,1.6159959
mol_3291,4.3960724
mol_3292,1.9205956
mol_3293,3.9249716
mol_3294,3.523363
mol_3295,2.0185509
mol_3296,1.4368883
mol_3297,1.6100507
mol_3298,2.05315
mol_3299,1.6675781
mol_3300,1.722605
mol_3301,3.842236
mol_3302,3.9172912
mol_3303,2.7091193
mol_3304,3.0311747
mol_3305,4.401794
mol_3306,3.3552494
mol_3307,1.438416
mol_3308,1.9423802
mol_3309,1.4285929
mol_3310,1.3208096
mol_3311,3.9442263
mol_3312,3.1834779
mol_3313,1.1689874
mol_3314,1.19039
mol_3315,2.4981632
mol_3316,3.5876012
mol_3317,3.7091584
mol_3318,5.373749
mol_3319,4.5553946
mol_3320,3.578723
mol_3321,1.837439
mol_3322,3.9218087
mol_3323,0.353282
mol_3324,1.7747813
mol_3325,1.4951018
mol_3326,3.31252
mol_3327,3.3550663
mol_3328,2.63506
mol_3329,0.284104
mol_3330,2.2618892
mol_3331,2.8800101
mol_3332,0.96005714
mol_3333,0.41095072
mol_3334,1.1912699
mol_3335,1.5931568
mol_3336,0.3096823
mol_3337,2.2074494
mol_3338,0.4271649
mol_3339,3.5538645
mol_3340,1.5134374
mol_3341,3.482627
mol_3342,4.634818
mol_3343,1.1207123
mol_3344,7.117001
mol_3345,4.090825
mol_3346,2.6266274
mol_3347,1.0228302
mol_3348,3.9450488
mol_3349,4.8302884
mol_3350,2.5266666
mol_3351,4.43072
mol_3352,2.992168
mol_3353,4.3199635
mol_3354,3.7228403
mol_3355,4.9328713
mol_3356,1.5796514
mol_3357,1.9249876
mol_3358,1.4009328
mol_3359,2.2608256
mol_3360,2.108697
mol_3361,3.4925404
mol_3362,4.75841
mol_3363,3.091817
mol_3364,3.011054
mol_3365,6.342833
mol_3366,1.749133
mol_3367,2.951293
mol_3368,3.7191515
mol_3369,2.2502873
mol_3370,6.2978845
mol_3371,1.2916789
mol_3372,1.9179736
mol_3373,2.1039953
mol_3374,1.1189849
mol_3375,2.5859623
mol_3376,3.3396077
mol_3377,3.2936006
mol_3378,0.9859896
mol_3379,2.528562
mol_3380,2.0248199
mol_3381,1.885863
mol_3382,4.341105
mol_3383,2.5153594
mol_3384,1.8511688
mol_3385,2.7433043
mol_3386,1.2086314
mol_3387,3.9846716
mol_3388,1.9482226
mol_3389,4.197803
mol_3390,4.1203218
mol_3391,3.7248044
mol_3392,2.2118115
mol_3393,4.2383094
mol_3394,3.9318953
mol_3395,1.8986036
mol_3396,2.0457983
mol_3397,2.066543
mol_3398,1.6212192
mol_3399,3.797583
mol_3400,1.8734779
mol_3401,3.189896
mol_3402,2.7941785
mol_3403,1.797058
mol_3404,2.9669256
mol_3405,1.5285594
mol_3406,2.9323869
mol_3407,1.9548217
mol_3408,2.185848
mol_3409,6.3282075
mol_3410,4.138715
mol_3411,3.08466
mol_3412,4.089991
mol_3413,1.657694
mol_3414,1.6488007
mol_3415,3.005278
mol_3416,1.4402618
mol_3417,1.7636648
mol_3418,1.5120624
mol_3419,2.939095
mol_3420,2.398209
mol_3421,1.4337101
mol_3422,3.5443869
mol_3423,2.2930694
mol_3424,1.4849932
mol_3425,2.4099283
mol_3426,4.135757
mol_3427,1.3887094
mol_3428,2.3019133
mol_3429,2.187087
mol_3430,1.6487398
mol_3431,2.2741446
mol_3432,2.7443686
mol_3433,2.484438
mol_3434,2.3264322
mol_3435,1.8313273
mol_3436,1.3073756
mol_3437,1.798889
mol_3438,1.8706471
mol_3439,3.8372416
mol_3440,3.2432914
mol_3441,2.9145823
mol_3442,2.024426
mol_3443,1.1162181
mol_3444,1.7788562
mol_3445,2.2980304
mol_3446,4.0849977
mol_3447,2.9343853
mol_3448,5.402453
mol_3449,3.952808
mol_3450,4.1037426
mol_3451,0.87763274
mol_3452,1.7897755
mol_3453,0.364905
mol_3454,0.3590765
mol_3455,0.66676176
mol_3456,3.0537896
mol_3457,3.9671483
mol_3458,2.7863193
mol_3459,4.221128
mol_3460,2.7792664
mol_3461,1.4672487
mol_3462,0.33823135
mol_3463,1.9201351
mol_3464,4.0666194
mol_3465,5.12803
mol_3466,1.8475162
mol_3467,2.8785791
mol_3468,3.0391588
mol_3469,5.447472
mol_3470,1.2796711
mol_3471,2.6162224
mol_3472,4.167895
mol_3473,1.5041156
mol_3474,0.63168424
mol_3475,3.2367845
mol_3476,3.4823174
mol_3477,4.8508315
mol_3478,2.325327
mol_3479,1.4800558
mol_3480,2.0132527
mol_3481,1.4607936
mol_3482,0.27192438
mol_3483,2.497558
mol_3484,3.5023556
mol_3485,1.8696901
mol_3486,1.5752716
mol_3487,1.93051
mol_3488,1.3393989
mol_3489,3.624702
mol_3490,3.5433645
mol_3491,1.9731373
mol_3492,3.2082973
mol_3493,2.047845
mol_3494,3.304699
mol_3495,5.1663938
mol_3496,4.4931936
mol_3497,4.3599916
mol_3498,2.4063132
mol_3499,2.1110535
mol_3500,2.6545448
mol_3501,1.542702
mol_3502,4.27941
mol_3503,0.33206838
mol_3504,1.9077566
mol_3505,1.7267656
mol_3506,2.699479
mol_3507,3.4445949
mol_3508,4.7648063
mol_3509,1.0785818
mol_3510,3.6708956
mol_3511,4.9475017
mol_3512,2.0380428
mol_3513,2.7458568
mol_3514,3.7000108
mol_3515,2.7301433
mol_3516,3.3256192
mol_3517,0.88120484
mol_3518,0.3397196
mol_3519,3.5652232
mol_3520,2.0620067
mol_3521,4.961389
mol_3522,3.7140837
mol_3523,5.220542
mol_3524,1.8957523
mol_3525,2.9774036
mol_3526,2.412938
mol_3527,3.7537074
mol_3528,2.408146
mol_3529,1.9187917
mol_3530,1.5520105
mol_3531,2.9253554
mol_3532,2.3873467
mol_3533,1.9149119
mol_3534,1.333778
mol_3535,2.1467519
mol_3536,2.5930147
mol_3537,4.9160395
mol_3538,1.4094896
mol_3539,2.5919032
mol_3540,3.5340734
mol_3541,1.708878
mol_3542,1.4667916
mol_3543,1.502472
mol_3544,1.2392795
mol_3545,3.0046554
mol_3546,0.80946493
mol_3547,2.9364457
mol_3548,3.6881108
mol_3549,4.5133605
mol_3550,3.722042
mol_3551,3.583426
mol_3552,2.8617954
mol_3553,1.1298435
mol_3554,1.8370821
mol_3555,1.1909393
mol_3556,2.5258546
mol_3557,1.5847143
mol_3558,3.0607615
mol_3559,3.9533968
mol_3560,2.0212772
mol_3561,3.458332
mol_3562,1.2797773
mol_3563,2.008449
mol_3564,1.8806626
mol_3565,2.3097444
mol_3566,3.8104987
mol_3567,2.7635598
mol_3568,3.4249845
mol_3569,5.3025727
mol_3570,3.057486
mol_3571,1.0204175
mol_3572,1.7599708
mol_3573,3.6030755
mol_3574,1.6955222
mol_3575,3.3395925
mol_3576,2.9173646
mol_3577,1.488598
mol_3578,0.37480614
mol_3579,2.1104026
mol_3580,1.5300668
mol_3581,1.4127274
mol_3582,2.2535782
mol_3583,1.728823
mol_3584,2.392938
mol_3585,2.137247
mol_3586,2.838348
mol_3587,1.5061281
mol_3588,3.4451294
mol_3589,3.704606
mol_3590,1.481027
mol_3591,2.4661355
mol_3592,0.9253869
mol_3593,1.4281037
mol_3594,1.5745596
mol_3595,3.0847745
mol_3596,0.40436494
mol_3597,3.144742
mol_3598,1.477176
mol_3599,3.8445325
mol_3600,1.8891608
mol_3601,1.2381002
mol_3602,4.040516
mol_3603,1.1172168
mol_3604,3.4152746
mol_3605,2.2832413
mol_3606,3.9685411
mol_3607,1.2867897
mol_3608,1.6384647
mol_3609,4.3785686
mol_3610,3.2093344
mol_3611,2.47934
mol_3612,4.1719313
mol_3613,2.1691039
mol_3614,2.9425473
mol_3615,4.898742
mol_3616,4.7123938
mol_3617,5.270709
mol_3618,1.6777179
mol_3619,1.6200993
mol_3620,1.8677033
mol_3621,1.9222354
mol_3622,5.0298686
mol_3623,2.560473
mol_3624,2.9106617
mol_3625,3.480771
mol_3626,3.9275298
mol_3627,2.3259153
mol_3628,1.3617809
mol_3629,3.1100516
mol_3630,2.3697896
mol_3631,3.0297241
mol_3632,1.4895604
mol_3633,4.5840464
mol_3634,1.8023885
mol_3635,0.28965813
mol_3636,2.4506378
mol_3637,1.3380916
mol_3638,3.8041573
mol_3639,4.4366155
mol_3640,1.6169382
mol_3641,4.5510397
mol_3642,3.0538373
mol_3643,3.0854664
mol_3644,3.3967643
mol_3645,1.5265468
mol_3646,4.1393547
mol_3647,0.63114446
mol_3648,1.461143
mol_3649,2.6279984
mol_3650,2.9471622
mol_3651,2.2564297
mol_3652,2.3503075
mol_3653,1.0741589
mol_3654,3.543705
mol_3655,0.35047385
mol_3656,1.43589
mol_3657,1.215884
mol_3658,3.0884342
mol_3659,1.9033525
mol_3660,6.2222505
mol_3661,3.658722
mol_3662,0.23413259
mol_3663,1.3790513
mol_3664,3.4841828
mol_3665,2.4647431
mol_3666,5.322244
mol_3667,1.1073226
mol_3668,2.1512141
mol_3669,1.8156154
mol_3670,2.537701
mol_3671,1.2381365
mol_3672,6.0016465
mol_3673,3.368218
mol_3674,0.5900284
mol_3675,5.157608
mol_3676,2.2076912
mol_3677,1.6214378
mol_3678,1.2676904
mol_3679,5.56951
mol_3680,0.9900902
mol_3681,3.2266703
mol_3682,1.947592
mol_3683,4.44672
mol_3684,3.3355737
mol_3685,1.5577216
mol_3686,2.3579626
mol_3687,4.2636657
mol_3688,2.956686
mol_3689,3.6498733
mol_3690,1.1795523
mol_3691,2.8162584
mol_3692,1.5155249
mol_3693,4.5625224
mol_3694,4.560458
mol_3695,3.6896644
mol_3696,1.5168462
mol_3697,3.3826666
mol_3698,1.9665246
mol_3699,0.7467499
mol_3700,2.5437508
mol_3701,1.1002755
mol_3702,3.4354997
mol_3703,1.8354844
mol_3704,1.0305462
mol_3705,2.972993
mol_3706,1.4849031
mol_3707,2.4262655
mol_3708,3.575873
mol_3709,2.0681348
mol_3710,1.6371272
mol_3711,1.9179512
mol_3712,2.065339
mol_3713,3.1870594
mol_3714,1.5867631
mol_3715,3.8967686
mol_3716,2.821835
mol_3717,2.288483
mol_3718,3.9148583
mol_3719,1.6666315
mol_3720,4.2869735
mol_3721,2.2026634
mol_3722,1.1681083
mol_3723,1.6788925
mol_3724,3.7958565
mol_3725,0.96087754
mol_3726,1.3335876
mol_3727,1.3770388
mol_3728,2.1284223
mol_3729,3.2519302
mol_3730,2.0078645
mol_3731,0.9777342
mol_3732,2.3166676
mol_3733,2.7740774
mol_3734,1.640657
mol_3735,2.0903254
mol_3736,3.792132
mol_3737,1.4607029
mol_3738,2.8076391
mol_3739,4.4630103
mol_3740,4.3899565
mol_3741,4.261489
mol_3742,3.3253407
mol_3743,3.536477
mol_3744,4.7554517
mol_3745,1.99991
mol_3746,4.3461833
mol_3747,1.6663096
mol_3748,1.5028158
mol_3749,3.2099729
mol_3750,3.5863729
mol_3751,1.0333284
mol_3752,2.2611065
mol_3753,1.7548198
mol_3754,2.3865538
mol_3755,2.758688
mol_3756,4.5434084
mol_3757,5.643744
mol_3758,1.91297
mol_3759,1.4705887
mol_3760,1.6109557
mol_3761,4.102031
mol_3762,1.3884382
mol_3763,2.7331285
mol_3764,2.4440222
mol_3765,3.094193
mol_3766,2.696858
mol_3767,2.900154
mol_3768,2.009881
mol_3769,1.4375792
mol_3770,1.3710098
mol_3771,4.85007
mol_3772,4.450591
mol_3773,4.0639296
mol_3774,2.6048155
mol_3775,2.6238036
mol_3776,6.329633
mol_3777,1.7333133
mol_3778,1.491667
mol_3779,0.9339891
mol_3780,1.8107325
mol_3781,2.0473025
mol_3782,3.232439
mol_3783,2.6728458
mol_3784,1.391628
mol_3785,0.9281992
mol_3786,0.24358255
mol_3787,1.7915825
mol_3788,3.9307218
mol_3789,0.39694756
mol_3790,2.0323558
mol_3791,3.9697652
mol_3792,2.885635
mol_3793,3.8280487
mol_3794,4.148544
mol_3795,1.9093574
mol_3796,1.5287765
mol_3797,1.7217157
mol_3798,1.6930465
mol_3799,1.8530223
mol_3800,1.460037
mol_3801,1.5454984
mol_3802,2.23024
mol_3803,1.8629674
mol_3804,2.1168292
mol_3805,2.896688
mol_3806,0.811253
mol_3807,0.9501592
mol_3808,2.9198904
mol_3809,1.007035
mol_3810,4.2063546
mol_3811,1.4423809
mol_3812,2.782803
mol_3813,1.2730488
mol_3814,1.8149873
mol_3815,1.1754305
mol_3816,1.495009
mol_3817,4.879437
mol_3818,4.3901505
mol_3819,3.1509304
mol_3820,3.2860422
mol_3821,3.3441334
mol_3822,2.5714996
mol_3823,1.5866102
mol_3824,0.94696724
mol_3825,2.0311244
mol_3826,1.4895973
mol_3827,2.0552907
mol_3828,1.6272385
mol_3829,1.9174811
mol_3830,0.28217155
mol_3831,1.8201857
mol_3832,0.72179204
mol_3833,3.1802855
mol_3834,3.0413957
mol_3835,3.4064007
mol_3836,3.6060271
mol_3837,2.5400634
mol_3838,3.2004123
mol_3839,6.1616592
mol_3840,2.6157365
mol_3841,1.8775374
mol_3842,2.0879653
mol_3843,1.6577209
mol_3844,4.2597704
mol_3845,3.6017938
mol_3846,0.9980711
mol_3847,1.5411419
mol_3848,4.1685233
mol_3849,2.491437
mol_3850,3.59766
mol_3851,4.3831635
mol_3852,3.2043257
mol_3853,1.5383598
mol_3854,2.015879
mol_3855,2.3015962
mol_3856,2.5425854
mol_3857,2.0665221
mol_3858,4.5728183
mol_3859,2.2849784
mol_3860,0.32305467
mol_3861,5.103506
mol_3862,1.041713
mol_3863,0.6226521
mol_3864,1.8626455
mol_3865,4.3604836
mol_3866,5.093928
mol_3867,1.9873382
mol_3868,4.7124753
mol_3869,0.9016194
mol_3870,0.4213183
mol_3871,1.7125223
mol_3872,4.406078
mol_3873,2.190352
mol_3874,2.084361
mol_3875,2.2056346
mol_3876,2.3793097
mol_3877,1.3854904
mol_3878,2.2281957
mol_3879,3.3219876
mol_3880,0.3576211
mol_3881,2.5014424
mol_3882,1.7778202
mol_3883,1.7922105
mol_3884,2.5338905
mol_3885,2.182973
mol_3886,1.5806892
mol_3887,1.3439417
mol_3888,3.897551
mol_3889,3.2555275
mol_3890,1.8471898
mol_3891,2.313026
mol_3892,2.270257
mol_3893,4.572615
mol_3894,1.4004357
mol_3895,2.0075076
mol_3896,1.493887
mol_3897,2.720857
mol_3898,1.5962534
mol_3899,3.8362694
mol_3900,2.0099607
mol_3901,1.4176202
mol_3902,3.4342127
mol_3903,1.3254199
mol_3904,3.8027987
mol_3905,2.495054
mol_3906,2.2753263
mol_3907,2.0899317
mol_3908,4.3251247
mol_3909,2.4285564
mol_3910,3.5520358
mol_3911,4.0045247
mol_3912,2.6697488
mol_3913,3.9414644
mol_3914,3.5771923
mol_3915,2.545086
mol_3916,3.1261115
mol_3917,1.749281
mol_3918,3.9697075
mol_3919,2.5752454
mol_3920,1.4841082
mol_3921,3.5589185
mol_3922,3.217946
mol_3923,0.7191647
mol_3924,3.6390033
mol_3925,2.6826358
mol_3926,2.4593189
mol_3927,1.8003209
mol_3928,1.9433106
mol_3929,3.2074375
mol_3930,3.535231
mol_3931,3.4113011
mol_3932,0.83394706
mol_3933,5.7786794
mol_3934,1.7450274
mol_3935,2.9054146
mol_3936,1.350605
mol_3937,3.0779471
mol_3938,7.5344276
mol_3939,3.2556925
mol_3940,3.8078942
mol_3941,3.8222709
mol_3942,3.3867188
mol_3943,3.1998606
mol_3944,3.5086265
mol_3945,2.6883063
mol_3946,2.670785
mol_3947,1.1333835
mol_3948,1.4463973
mol_3949,1.3519166
mol_3950,4.9439845
mol_3951,1.6951343
mol_3952,1.5270169
mol_3953,4.054972
mol_3954,3.7009444
mol_3955,3.8740287
mol_3956,1.8839394
mol_3957,1.7423435
mol_3958,5.5861287
mol_3959,2.7670374
mol_3960,1.4641873
mol_3961,2.592526
mol_3962,2.7134736
mol_3963,1.9568542
mol_3964,3.499495
mol_3965,3.8019342
mol_3966,1.264437
mol_3967,1.9786043
mol_3968,3.0086598
mol_3969,2.7192433
mol_3970,1.2483852
mol_3971,2.6348412
mol_3972,3.810862
mol_3973,1.5333164
mol_3974,0.25132674
mol_3975,1.8160372
mol_3976,1.2838204
mol_3977,1.6148529
mol_3978,4.254629
mol_3979,2.3676152
mol_3980,2.0436015
mol_3981,2.167901
mol_3982,4.121368
mol_3983,2.2505817
mol_3984,1.1711748
mol_3985,3.6149025
mol_3986,2.0108626
mol_3987,4.302801
mol_3988,1.4540124
mol_3989,5.2161465
mol_3990,1.7881244
mol_3991,1.8775138
mol_3992,1.1290123
mol_3993,2.4617364
mol_3994,5.256397
mol_3995,4.619389
mol_3996,1.8917319
mol_3997,0.4138466
mol_3998,1.1289697
mol_3999,2.2435846
mol_4000,1.487492
mol_4001,4.34944
mol_4002,1.5423608
mol_4003,1.9843912
mol_4004,4.0015206
mol_4005,2.295803
mol_4006,1.490973
mol_4007,3.30801
mol_4008,1.0238543
mol_4009,2.422398
mol_4010,3.9952068
mol_4011,2.2906265
mol_4012,0.3279745
mol_4013,4.875152
mol_4014,1.3067436
mol_4015,1.5684178
mol_4016,1.5510352
mol_4017,4.5941215
mol_4018,4.199723
mol_4019,2.3057775
mol_4020,4.427521
mol_4021,3.8581748
mol_4022,1.5245442
mol_4023,1.8346572
mol_4024,2.5163937
mol_4025,0.38209397
mol_4026,3.0378761
mol_4027,2.4460387
mol_4028,0.36795992
mol_4029,1.6901712
mol_4030,3.8297691
mol_4031,1.7737583
mol_4032,1.349436
mol_4033,1.3517218
mol_4034,1.3629577
mol_4035,3.265181
mol_4036,1.107523
mol_4037,1.6119959
mol_4038,2.257482
mol_4039,1.5806336
mol_4040,2.5537255
mol_4041,2.4897597
mol_4042,3.939156
mol_4043,1.6752613
mol_4044,3.664288
mol_4045,2.8496346
mol_4046,3.9345508
mol_4047,1.9719073
mol_4048,5.250962
mol_4049,0.9176352
mol_4050,3.847423
mol_4051,1.6753379
mol_4052,3.0861726
mol_4053,4.157268
mol_4054,1.4572983
mol_4055,1.7958864
mol_4056,1.87003
mol_4057,2.4100428
mol_4058,2.5136905
mol_4059,4.094663
mol_4060,3.3276339
mol_4061,0.7918397
mol_4062,1.4305937
mol_4063,2.67387
mol_4064,2.8231878
mol_4065,3.105023
mol_4066,1.7465695
mol_4067,1.912223
mol_4068,2.8764944
mol_4069,0.93857276
mol_4070,2.1988707
mol_4071,3.630466
mol_4072,1.6751221
mol_4073,3.0127902
mol_4074,1.4954793
mol_4075,1.4275184
mol_4076,1.9820979
mol_4077,1.4455506
mol_4078,1.5723449
mol_4079,0.7134409
mol_4080,3.1825776
mol_4081,1.4002752
mol_4082,5.291697
mol_4083,0.5289403
mol_4084,5.514958
mol_4085,3.0868626
mol_4086,2.0753903
mol_4087,3.4611964
mol_4088,3.6654606
mol_4089,2.7241733
mol_4090,1.901153
mol_4091,3.1652703
mol_4092,1.9869817
mol_4093,1.539906
mol_4094,6.250934
mol_4095,1.8217123
mol_4096,1.7972097
mol_4097,1.5119162
mol_4098,3.7844915
mol_4099,3.8080444
mol_4100,4.5044327
mol_4101,1.4133977
mol_4102,4.126341
mol_4103,3.0243926
mol_4104,3.727058
mol_4105,1.9813129
mol_4106,1.8761768
mol_4107,4.30305
mol_4108,3.9185257
mol_4109,3.5755672
mol_4110,2.6229095
mol_4111,1.688241
mol_4112,2.195881
mol_4113,2.9164472
mol_4114,2.1382284
mol_4115,1.6595185
mol_4116,1.3875356
mol_4117,4.468597
mol_4118,7.470629
mol_4119,1.7404513
mol_4120,4.5467925
mol_4121,1.3894099
mol_4122,4.1387153
mol_4123,2.3613
mol_4124,2.3701653
mol_4125,3.4450555
mol_4126,0.99844325
mol_4127,0.885149
mol_4128,2.3594804
mol_4129,3.3047767
mol_4130,4.1532273
mol_4131,3.5787506
mol_4132,3.6072178
mol_4133,2.7781715
mol_4134,0.7388814
mol_4135,1.5705357
mol_4136,3.358943
mol_4137,2.9445305
mol_4138,0.32855558
mol_4139,3.8898978
mol_4140,1.0630171
mol_4141,3.537952
mol_4142,4.691908
mol_4143,4.233503
mol_4144,4.570173
mol_4145,1.8334914
mol_4146,1.1982434
mol_4147,3.6761017
mol_4148,1.6583729
mol_4149,3.2259083
mol_4150,2.3831563
mol_4151,1.331646
mol_4152,2.886797
mol_4153,2.0896807
mol_4154,1.6041368
mol_4155,4.1398816
mol_4156,1.1983949
mol_4157,3.7977004
mol_4158,1.3485413
mol_4159,2.3473434
mol_4160,1.4804423
mol_4161,2.5596695
mol_4162,2.6621614
mol_4163,2.4882438
mol_4164,1.308669
mol_4165,1.0260514
mol_4166,5.1479287
mol_4167,2.609354
mol_4168,0.3959639
mol_4169,1.5805103
mol_4170,5.0647526
mol_4171,5.5760903
mol_4172,4.631319
mol_4173,1.479316
mol_4174,1.9143258
mol_4175,1.61591
mol_4176,5.0035996
mol_4177,1.3355417
mol_4178,4.546553
mol_4179,4.239743
mol_4180,2.777995
mol_4181,3.0404668
mol_4182,2.7276492
mol_4183,3.0787044
mol_4184,1.9465884
mol_4185,1.5913872
mol_4186,1.2884905
mol_4187,3.7623725
mol_4188,1.6661394
mol_4189,2.9157104
mol_4190,0.4384324
mol_4191,2.8600435
mol_4192,1.2358904
mol_4193,2.1566525
mol_4194,3.3235579
mol_4195,1.5873111
mol_4196,1.7321067
mol_4197,2.469695
mol_4198,3.9045959
mol_4199,1.5776534
mol_4200,3.305901
mol_4201,1.8598825
mol_4202,1.945284
mol_4203,3.3575697
mol_4204,5.2504478
mol_4205,2.9077597
mol_4206,3.2392588
mol_4207,3.402094
mol_4208,2.0461183
mol_4209,2.4187484
mol_4210,0.40732402
mol_4211,0.40163594
mol_4212,1.575439
mol_4213,4.2252216
mol_4214,1.9162002
mol_4215,2.38338
mol_4216,6.023312
mol_4217,2.0411444
mol_4218,5.794681
mol_4219,4.922899
mol_4220,2.9788065
mol_4221,1.3430307
mol_4222,2.0133657
mol_4223,3.952044
mol_4224,1.6985373
mol_4225,1.4113148
mol_4226,1.8739535
mol_4227,1.8556651
mol_4228,7.967633
mol_4229,1.9682449
mol_4230,1.6911523
mol_4231,0.37867668
mol_4232,3.5975208
mol_4233,1.9587113
mol_4234,1.3376586
mol_4235,2.242025
mol_4236,1.332726
mol_4237,3.682496
mol_4238,1.5895326
mol_4239,1.285368
mol_4240,3.506812
mol_4241,1.5270828
mol_4242,1.613303
mol_4243,2.6272662
mol_4244,1.4317569
mol_4245,4.7908573
mol_4246,1.9281079
mol_4247,4.6364923
mol_4248,1.5345771
mol_4249,1.4199513
mol_4250,2.1764202
mol_4251,1.6867474
mol_4252,1.6523772
mol_4253,6.556625
mol_4254,2.5011601
mol_4255,2.0608263
mol_4256,2.7079787
mol_4257,5.159316
mol_4258,1.7435641
mol_4259,1.954213
mol_4260,0.9641714
mol_4261,1.2299447
mol_4262,1.3134997
mol_4263,2.489069
mol_4264,1.5529711
mol_4265,0.32547873
mol_4266,1.3697479
mol_4267,1.415961
mol_4268,3.0279317
mol_4269,2.20654
mol_4270,1.1687722
mol_4271,0.3417377
mol_4272,2.4338899
mol_4273,3.190939
mol_4274,1.7746581
mol_4275,1.3300296
mol_4276,1.8123568
mol_4277,1.876706
mol_4278,6.3408856
mol_4279,6.211368
mol_4280,3.0251608
mol_4281,2.4903922
mol_4282,1.8728681
mol_4283,3.5618672
mol_4284,1.6154883
mol_4285,1.8695618
mol_4286,7.348731
mol_4287,3.3989525
mol_4288,3.1113791
mol_4289,1.1954446
mol_4290,1.3805864
mol_4291,3.7752714
mol_4292,4.3144927
mol_4293,3.1148734
mol_4294,0.33533403
mol_4295,3.8756704
mol_4296,1.0889833
mol_4297,2.100049
mol_4298,3.4306006
mol_4299,1.4588926
mol_4300,1.5373211
mol_4301,2.781168
mol_4302,1.4587203
mol_4303,1.4400879
mol_4304,0.3695006
mol_4305,1.9993609
mol_4306,2.0896988
mol_4307,1.66539
mol_4308,2.1979165
mol_4309,4.631344
mol_4310,1.5621862
mol_4311,1.7734259
mol_4312,1.5565244
mol_4313,1.9098536
mol_4314,3.293333
mol_4315,1.7582806
mol_4316,1.4791878
mol_4317,1.9190526
mol_4318,3.0120215
mol_4319,2.7371535
mol_4320,6.7122
mol_4321,3.7606459
mol_4322,2.0820541
mol_4323,1.5029092
mol_4324,3.5262952
mol_4325,2.4133563
mol_4326,2.6887298
mol_4327,3.1564546
mol_4328,4.470318
mol_4329,4.338776
mol_4330,3.7716165
mol_4331,1.5261632
mol_4332,3.1903362
mol_4333,2.9119983
mol_4334,3.7844367
mol_4335,3.0670357
mol_4336,5.0708704
mol_4337,2.3915
mol_4338,5.5450025
mol_4339,3.8007188
mol_4340,5.0307684
mol_4341,1.6059783
mol_4342,2.6648622
mol_4343,4.469361
mol_4344,1.8386735
mol_4345,4.5263166
mol_4346,2.443097
mol_4347,2.5168447
mol_4348,2.5696564
mol_4349,3.3439941
mol_4350,1.1219125
mol_4351,3.7374249
mol_4352,4.244056
mol_4353,2.3183856
mol_4354,2.1580045
mol_4355,2.72296
mol_4356,2.6899638
mol_4357,3.2533598
mol_4358,1.1421738
mol_4359,5.778148
mol_4360,1.8152937
mol_4361,3.7460318
mol_4362,1.6638703
mol_4363,3.4499302
mol_4364,3.1138334
mol_4365,2.3329186
mol_4366,1.875172
mol_4367,3.7380123
mol_4368,1.8458401
mol_4369,4.1503
mol_4370,1.2340368
mol_4371,3.168891
mol_4372,3.0935812
mol_4373,1.0723467
mol_4374,3.9549365
mol_4375,2.4643779
mol_4376,0.36594442
mol_4377,0.43075866
mol_4378,2.2639976
mol_4379,1.6589441
mol_4380,3.9122162
mol_4381,4.050011
mol_4382,2.8310952
mol_4383,1.9327003
mol_4384,4.5154986
mol_4385,4.934195
mol_4386,2.0341606
mol_4387,2.8306632
mol_4388,3.7579823
mol_4389,0.36414808
mol_4390,4.0320854
mol_4391,3.974512
mol_4392,0.3962235
mol_4393,3.6351476
mol_4394,1.1860693
mol_4395,1.6295596
mol_4396,5.190601
mol_4397,1.8534814
mol_4398,0.89501107
mol_4399,2.3660464
mol_4400,1.9149194
mol_4401,2.2394729
mol_4402,1.4458666
mol_4403,0.40902466
mol_4404,1.0410903
mol_4405,3.7856684
mol_4406,1.2198975
mol_4407,2.0893579
mol_4408,4.0965724
mol_4409,3.3832698
mol_4410,3.2628498
mol_4411,3.1325407
mol_4412,1.2380333
mol_4413,3.0889955
mol_4414,1.0125453
mol_4415,4.4672923
mol_4416,1.6364577
mol_4417,1.8249079
mol_4418,1.6584011
mol_4419,2.366675
mol_4420,6.747214
mol_4421,0.60606676
mol_4422,2.7869864
mol_4423,2.6794562
mol_4424,1.4131284
mol_4425,2.568128
mol_4426,2.0595746
mol_4427,2.0392976
mol_4428,1.8095527
mol_4429,4.549725
mol_4430,4.93722
mol_4431,2.572679
mol_4432,2.1095572
mol_4433,2.597178
mol_4434,2.9075127
mol_4435,2.0656023
mol_4436,2.141612
mol_4437,4.5219183
mol_4438,2.5167031
mol_4439,1.3981872
mol_4440,4.1089935
mol_4441,3.373416
mol_4442,0.6515519
mol_4443,1.3137379
mol_4444,2.261333
mol_4445,1.418062
mol_4446,3.330195
mol_4447,1.9308473
mol_4448,1.088974
mol_4449,3.664609
mol_4450,3.0186338
mol_4451,4.2712927
mol_4452,1.5434499
mol_4453,2.003592
mol_4454,5.52881
mol_4455,1.0856717
mol_4456,2.974833
mol_4457,2.2885838
mol_4458,1.6943977
mol_4459,1.7321132
mol_4460,1.8130888
mol_4461,2.341961
mol_4462,3.5106158
mol_4463,4.3601174
mol_4464,1.713826
mol_4465,1.7966882
mol_4466,3.3984466
mol_4467,1.1338371
mol_4468,2.14747
mol_4469,1.778263
mol_4470,1.6248496
mol_4471,2.9133902
mol_4472,1.3134804
mol_4473,1.319432
mol_4474,4.2016497
mol_4475,2.4371505
mol_4476,2.4236076
mol_4477,1.5829833
mol_4478,2.4787831
mol_4479,3.6175046
mol_4480,1.6712822
mol_4481,1.6579338
mol_4482,0.9376757
mol_4483,2.9447703
mol_4484,1.958898
mol_4485,1.6718584
mol_4486,1.651355
mol_4487,4.4479012
mol_4488,2.3778267
mol_4489,1.8052965
mol_4490,1.496315
mol_4491,2.738244
mol_4492,1.4164857
mol_4493,1.4928854
mol_4494,2.0252552
mol_4495,0.9179475
mol_4496,1.993455
mol_4497,3.179819
mol_4498,3.9007263
mol_4499,1.7519048
mol_4500,2.151298
mol_4501,2.459342
mol_4502,1.3694291
mol_4503,4.131768
mol_4504,1.4275318
mol_4505,2.8127174
mol_4506,1.5284472
mol_4507,3.2291355
mol_4508,6.417677
mol_4509,3.9042058
mol_4510,2.7428536
mol_4511,1.5057136
mol_4512,5.76391
mol_4513,2.4740276
mol_4514,1.1052713
mol_4515,0.81122345
mol_4516,3.074081
mol_4517,1.8865247
mol_4518,7.9679894
mol_4519,1.7013863
mol_4520,1.5506402
mol_4521,1.3500051
mol_4522,5.625261
mol_4523,2.6246347
mol_4524,1.6206794
mol_4525,3.6076965
mol_4526,5.129975
mol_4527,2.9489393
mol_4528,2.8314204
mol_4529,3.0088515
mol_4530,2.6512022
mol_4531,2.497539
mol_4532,1.5354832
mol_4533,4.281737
mol_4534,1.2197465
mol_4535,2.7604923
mol_4536,4.3741426
mol_4537,1.6319246
mol_4538,5.0145593
mol_4539,1.664466
mol_4540,3.8352423
mol_4541,1.7720829
mol_4542,0.84049463
mol_4543,4.00244
mol_4544,1.7605006
mol_4545,3.1322808
mol_4546,1.4591208
mol_4547,2.2108836
mol_4548,1.5308082
mol_4549,2.3347812
mol_4550,2.3378677
mol_4551,2.6083822
mol_4552,1.7777028
mol_4553,1.5741903
mol_4554,2.6056895
mol_4555,2.5287428
mol_4556,3.2273316
mol_4557,4.3153934
mol_4558,2.8914766
mol_4559,0.6439633
mol_4560,4.2443933
mol_4561,2.8022318
mol_4562,1.7461432
mol_4563,2.940484
mol_4564,1.0230368
mol_4565,2.4201775
mol_4566,4.3924856
mol_4567,2.7984586
mol_4568,0.3415122
mol_4569,1.7940778
mol_4570,4.795026
mol_4571,2.2362795
mol_4572,1.3905005
mol_4573,2.2793088
mol_4574,3.6513643
mol_4575,2.711528
mol_4576,3.79178
mol_4577,3.6671858
mol_4578,1.9872923
mol_4579,5.1602316
mol_4580,1.2294809
mol_4581,2.8340993
mol_4582,1.6382089
mol_4583,1.8613354
mol_4584,0.6213201
mol_4585,1.6718311
mol_4586,1.4458361
mol_4587,3.0436664
mol_4588,1.2749442
mol_4589,2.4353614
mol_4590,1.4975946
mol_4591,0.81450355
mol_4592,3.3693805
mol_4593,2.1413546
mol_4594,5.5363665
mol_4595,2.1198025
mol_4596,1.2861724
mol_4597,1.9000657
mol_4598,4.017583
mol_4599,2.4594438
mol_4600,2.7934504
mol_4601,4.087255
mol_4602,1.3318166
mol_4603,0.2732548
mol_4604,1.5933933
mol_4605,3.148881
mol_4606,1.0130188
mol_4607,1.0471747
mol_4608,0.27714527
mol_4609,1.951583
mol_4610,1.8366843
mol_4611,2.8220892
mol_4612,1.6288798
mol_4613,3.7931952
mol_4614,1.2832778
mol_4615,1.2123855
mol_4616,3.3246331
mol_4617,2.3542447
mol_4618,2.3854332
mol_4619,4.3954253
mol_4620,0.7263675
mol_4621,1.5031086
mol_4622,2.32584
mol_4623,4.2652245
mol_4624,1.2669044
mol_4625,1.5052419
mol_4626,2.300944
mol_4627,1.9088107
mol_4628,1.5031605
mol_4629,1.631597
mol_4630,2.0610812
mol_4631,1.6380942
mol_4632,2.540669
mol_4633,2.5367703
mol_4634,1.7887367
mol_4635,0.27667364
mol_4636,1.609861
mol_4637,4.691292
mol_4638,2.4095454
mol_4639,2.6445947
mol_4640,1.58288
mol_4641,2.1604168
mol_4642,4.0133705
mol_4643,1.4481162
mol_4644,0.83612275
mol_4645,2.2095027
mol_4646,2.468143
mol_4647,1.2746428
mol_4648,0.5277436
mol_4649,4.0409713
mol_4650,1.943697
mol_4651,1.2822493
mol_4652,5.24684
mol_4653,0.34982866
mol_4654,1.9630775
mol_4655,1.0882264
mol_4656,7.2137313
mol_4657,1.6919857
mol_4658,1.4332181
mol_4659,2.7344456
mol_4660,1.3143497
mol_4661,2.810832
mol_4662,2.6334114
mol_4663,1.7356244
mol_4664,1.5386959
mol_4665,5.606991
mol_4666,1.0594518
mol_4667,2.2977786
mol_4668,2.213881
mol_4669,3.5075684
mol_4670,2.0295024
mol_4671,3.7566142
mol_4672,2.1148067
mol_4673,2.724775
mol_4674,4.458323
mol_4675,1.5146599
mol_4676,2.5624604
mol_4677,1.6646186
mol_4678,5.982444
mol_4679,4.1780095
mol_4680,1.0314441
mol_4681,3.7142596
mol_4682,4.445512
mol_4683,1.764236
mol_4684,2.4099698
mol_4685,1.5230559
mol_4686,2.5810256
mol_4687,1.6844828
mol_4688,1.4147496
mol_4689,3.650826
mol_4690,1.8365916
mol_4691,2.7361197
mol_4692,1.5468818
mol_4693,3.0773854
mol_4694,3.0868
mol_4695,2.916226
mol_4696,1.8968388
mol_4697,3.5721207
mol_4698,1.0119045
mol_4699,7.470453
mol_4700,1.773259
mol_4701,4.291982
mol_4702,2.8974662
mol_4703,1.6416488
mol_4704,0.30310807
mol_4705,1.5699155
mol_4706,3.4297557
mol_4707,1.9955932
mol_4708,1.4537696
mol_4709,5.901731
mol_4710,5.305667
mol_4711,4.7623625
mol_4712,4.646259
mol_4713,1.8292893
mol_4714,1.4271313
mol_4715,3.2816315
mol_4716,3.2426496
mol_4717,1.044651
mol_4718,2.7435455
mol_4719,2.5572119
mol_4720,1.5148748
mol_4721,2.1027265
mol_4722,3.220254
mol_4723,3.1174603
mol_4724,2.515749
mol_4725,1.2878567
mol_4726,1.7452134
mol_4727,1.6754158
mol_4728,3.1176062
mol_4729,1.5486437
mol_4730,1.6563315
mol_4731,2.5526211
mol_4732,2.2400646
mol_4733,1.9097749
mol_4734,2.8745508
mol_4735,1.1077421
mol_4736,3.2779417
mol_4737,3.935042
mol_4738,2.450046
mol_4739,1.81736
mol_4740,0.33816737
mol_4741,1.6615399
mol_4742,1.1281679
mol_4743,3.730526
mol_4744,3.5325174
mol_4745,3.8729086
mol_4746,1.3156259
mol_4747,1.133282
mol_4748,1.9033121
mol_4749,2.4420729
mol_4750,4.5894976
mol_4751,3.7133684
mol_4752,1.2916557
mol_4753,3.4340587
mol_4754,4.338935
mol_4755,2.949038
mol_4756,2.4106941
mol_4757,3.1445346
mol_4758,2.2000773
mol_4759,1.7223672
mol_4760,1.3784825
mol_4761,0.31749547
mol_4762,3.4781942
mol_4763,3.925963
mol_4764,3.9841204
mol_4765,2.8100805
mol_4766,1.7879508
mol_4767,0.8911386
mol_4768,3.8704123
mol_4769,3.9341998
mol_4770,1.9239646
mol_4771,2.213346
mol_4772,3.738247
mol_4773,1.9644631
mol_4774,0.33671728
mol_4775,2.7860732
mol_4776,2.1388109
mol_4777,3.6324883
mol_4778,3.4736485
mol_4779,2.593812
mol_4780,5.6245294
mol_4781,1.1743141
mol_4782,4.416805
mol_4783,3.0659995
mol_4784,2.1639829
mol_4785,2.2025974
mol_4786,1.3541964
mol_4787,1.9536438
mol_4788,4.63997
mol_4789,2.7629952
mol_4790,4.9542804
mol_4791,3.3401656
mol_4792,2.716323
mol_4793,4.2375693
mol_4794,2.6640444
mol_4795,6.013496
mol_4796,1.9640094
mol_4797,2.858984
mol_4798,3.5456052
mol_4799,1.3543711
mol_4800,3.2650628
mol_4801,3.3897843
mol_4802,4.189708
mol_4803,4.7387557
mol_4804,1.4798074
mol_4805,1.732198
mol_4806,1.6242384
mol_4807,3.220542
mol_4808,1.8273946
mol_4809,1.7317123
mol_4810,2.7957935
mol_4811,2.9359784
mol_4812,7.227529
mol_4813,0.7439345
mol_4814,5.982905
mol_4815,1.3561823
mol_4816,2.2732
mol_4817,1.2259066
mol_4818,3.1690779
mol_4819,4.0384445
mol_4820,1.4009051
mol_4821,1.8459405
mol_4822,1.8842003
mol_4823,1.7409794
mol_4824,1.486691
mol_4825,1.8219279
mol_4826,4.2485123
mol_4827,1.1879756
mol_4828,1.8897913
mol_4829,2.0852199
mol_4830,5.284717
mol_4831,3.578786
mol_4832,2.8084183
mol_4833,1.3446867
mol_4834,1.9486371
mol_4835,1.6294574
mol_4836,1.9628916
mol_4837,5.9694104
mol_4838,3.4108667
mol_4839,2.041481
mol_4840,1.3967901
mol_4841,1.5613759
mol_4842,1.6985145
mol_4843,1.3382689
mol_4844,2.2891726
mol_4845,1.8135829
mol_4846,1.0321854
mol_4847,2.372968
mol_4848,1.6247116
mol_4849,3.014182
mol_4850,0.43124202
mol_4851,0.40453854
mol_4852,3.8905177
mol_4853,4.8626943
mol_4854,3.655017
mol_4855,3.3280168
mol_4856,2.7185664
mol_4857,1.9345046
mol_4858,5.3711905
mol_4859,2.4655914
mol_4860,4.107438
mol_4861,2.267469
mol_4862,2.0564027
mol_4863,4.2683277
mol_4864,1.7138216
mol_4865,3.8835793
mol_4866,1.7083683
mol_4867,3.852458
mol_4868,1.3925753
mol_4869,2.0545554
mol_4870,5.5994287
mol_4871,1.8000947
mol_4872,2.0111616
mol_4873,1.5247433
mol_4874,1.2929947
mol_4875,0.3705296
mol_4876,2.7733612
mol_4877,4.042921
mol_4878,3.325871
mol_4879,6.148992
mol_4880,0.63907206
mol_4881,2.0237923
mol_4882,1.3837328
mol_4883,2.2226195
mol_4884,2.7796216
mol_4885,0.37800714
mol_4886,0.41649687
mol_4887,3.9708424
mol_4888,0.86877406
mol_4889,2.7251854
mol_4890,3.5165749
mol_4891,4.738021
mol_4892,1.5800407
mol_4893,2.3357525
mol_4894,4.0956187
mol_4895,2.1202335
mol_4896,1.6171538
mol_4897,2.5073638
mol_4898,2.516427
mol_4899,1.7168097
mol_4900,1.9477898
mol_4901,3.562984
mol_4902,2.0357332
mol_4903,2.2541347
mol_4904,1.9870166
mol_4905,7.2990193
mol_4906,5.643414
mol_4907,1.4158516
mol_4908,3.4587817
mol_4909,1.5959692
mol_4910,3.7363663
mol_4911,2.702023
mol_4912,2.002675
mol_4913,3.0395064
mol_4914,1.8391871
mol_4915,3.4085588
mol_4916,2.7880492
mol_4917,1.3063631
mol_4918,3.2107344
mol_4919,1.7286035
mol_4920,3.7950358
mol_4921,1.6600089
mol_4922,2.5150023
mol_4923,1.4578453
mol_4924,1.4555763
mol_4925,2.2438433
mol_4926,1.7886649
mol_4927,2.711474
mol_4928,1.5007141
mol_4929,1.9122645
mol_4930,2.9078283
mol_4931,2.594214
mol_4932,0.77955246
mol_4933,3.0080886
mol_4934,1.5767075
mol_4935,2.6722598
mol_4936,2.0596817
mol_4937,3.629774
mol_4938,2.5446448
mol_4939,2.5302079
mol_4940,3.579761
mol_4941,1.9221932
mol_4942,4.961189
mol_4943,2.2821503
mol_4944,2.1139283
mol_4945,2.4402618
mol_4946,5.220139
mol_4947,3.8374677
mol_4948,2.7135115
mol_4949,1.2844112
mol_4950,1.5146465
mol_4951,2.0694182
mol_4952,1.2445705
mol_4953,2.393095
mol_4954,1.2184489
mol_4955,1.5210538
mol_4956,1.851144
mol_4957,3.9905853
mol_4958,1.6429949
mol_4959,2.0783377
mol_4960,4.4069214
mol_4961,3.5123582
mol_4962,2.0643926
mol_4963,2.9514575
mol_4964,2.0201373
mol_4965,2.1190386
mol_4966,1.1971534
mol_4967,1.7654835
mol_4968,2.976245
mol_4969,2.5739155
mol_4970,2.7152853
mol_4971,3.437458
mol_4972,3.132566
mol_4973,0.8708981
mol_4974,3.9210086
mol_4975,3.8720055
mol_4976,1.3919165
mol_4977,1.7256553
mol_4978,1.2281907
mol_4979,3.6645937
mol_4980,0.89477044
mol_4981,3.1329603
mol_4982,5.199634
mol_4983,3.9346294
mol_4984,1.6534508
mol_4985,4.340238
mol_4986,4.1726756
mol_4987,1.9980687
mol_4988,4.367634
mol_4989,1.5947356
mol_4990,1.4205675
mol_4991,3.098084
mol_4992,2.3470097
mol_4993,1.300051
mol_4994,1.3535895
mol_4995,1.44612
mol_4996,1.9687277
mol_4997,1.4385605
mol_4998,3.1109695
mol_4999,1.6734946
mol_5000,1.7232013
