ID,dipole_moment
mol_1,3.5922022
mol_2,1.8857707
mol_3,3.5127957
mol_4,2.3281813
mol_5,2.4428446
mol_6,0.5410991
mol_7,6.385371
mol_8,4.1228156
mol_9,1.6682293
mol_10,2.620922
mol_11,2.706589
mol_12,3.9130645
mol_13,2.2031803
mol_14,1.7975097
mol_15,3.3781295
mol_16,2.4140058
mol_17,4.147412
mol_18,1.9416711
mol_19,1.1559958
mol_20,4.1703568
mol_21,1.7484834
mol_22,2.3040953
mol_23,1.386396
mol_24,4.567724
mol_25,2.198229
mol_26,2.3642476
mol_27,1.9685984
mol_28,0.207659
mol_29,3.7622573
mol_30,2.433125
mol_31,1.4944872
mol_32,2.0897744
mol_33,1.502968
mol_34,1.8914585
mol_35,2.6956565
mol_36,2.0906413
mol_37,3.4746728
mol_38,3.9786782
mol_39,5.5185547
mol_40,1.3742124
mol_41,2.4570193
mol_42,1.5136474
mol_43,2.0045977
mol_44,0.07863355
mol_45,1.3320849
mol_46,2.4378235
mol_47,2.5107121
mol_48,1.2775701
mol_49,2.031254
mol_50,5.620166
mol_51,1.783694
mol_52,2.2049408
mol_53,4.682027
mol_54,2.5812464
mol_55,1.6001213
mol_56,1.8848557
mol_57,3.314876
mol_58,1.6211615
mol_59,1.061003
mol_60,2.069147
mol_61,1.8371892
mol_62,3.276188
mol_63,1.6824398
mol_64,1.1749296
mol_65,4.918997
mol_66,3.155326
mol_67,2.7944853
mol_68,4.317176
mol_69,2.5504239
mol_70,2.7972333
mol_71,5.0246377
mol_72,5.731236
mol_73,2.0217
mol_74,2.8857505
mol_75,0.2952993
mol_76,2.0424244
mol_77,10.557428
mol_78,3.913766
mol_79,5.2102942
mol_80,1.162126
mol_81,1.9667063
mol_82,2.888739
mol_83,2.4772768
mol_84,1.6033123
mol_85,3.110928
mol_86,1.5076177
mol_87,2.0344086
mol_88,3.5222507
mol_89,3.0044775
mol_90,3.3010812
mol_91,3.8638496
mol_92,2.9123423
mol_93,1.315315
mol_94,4.541705
mol_95,0.31347585
mol_96,5.186009
mol_97,3.234704
mol_98,2.967444
mol_99,1.3603809
mol_100,2.8930285
mol_101,1.7482646
mol_102,2.1487103
mol_103,1.8407376
mol_104,1.0538813
mol_105,4.1025534
mol_106,2.7506027
mol_107,0.006506443
mol_108,3.4549892
mol_109,4.0481687
mol_110,2.4918904
mol_111,2.7631404
mol_112,5.9263725
mol_113,1.0023583
mol_114,4.53565
mol_115,2.277633
mol_116,1.0217075
mol_117,2.3926828
mol_118,0.98460174
mol_119,1.6241748
mol_120,3.1720185
mol_121,1.1618277
mol_122,1.7796738
mol_123,0.7352141
mol_124,2.8667367
mol_125,2.7718766
mol_126,2.3310592
mol_127,1.4759299
mol_128,5.060124
mol_129,3.643107
mol_130,1.3377737
mol_131,4.789045
mol_132,2.1523218
mol_133,3.8634834
mol_134,1.0325841
mol_135,1.9196184
mol_136,3.9598374
mol_137,1.4480343
mol_138,3.4304388
mol_139,2.6865046
mol_140,1.0954428
mol_141,2.1099946
mol_142,2.5182514
mol_143,5.8355036
mol_144,4.243045
mol_145,1.0016375
mol_146,3.6304693
mol_147,4.9054804
mol_148,1.1706367
mol_149,1.6464174
mol_150,4.060047
mol_151,2.3917792
mol_152,2.3762195
mol_153,2.0575178
mol_154,2.532293
mol_155,3.267372
mol_156,1.5471196
mol_157,3.5912251
mol_158,1.3484288
mol_159,3.0676293
mol_160,2.9165144
mol_161,2.7265697
mol_162,3.8996422
mol_163,1.644427
mol_164,2.3916051
mol_165,2.7363527
mol_166,3.4893894
mol_167,1.6560392
mol_168,2.3284748
mol_169,5.007499
mol_170,2.009857
mol_171,4.4147716
mol_172,1.6083366
mol_173,1.5225862
mol_174,1.7085178
mol_175,4.827344
mol_176,2.4058475
mol_177,2.1049337
mol_178,1.0219526
mol_179,3.3726454
mol_180,1.2505524
mol_181,2.9432654
mol_182,1.688875
mol_183,3.224371
mol_184,1.5829483
mol_185,4.235866
mol_186,2.9238346
mol_187,0.7490901
mol_188,2.6275702
mol_189,3.7436051
mol_190,2.8398974
mol_191,1.9391005
mol_192,0.31922483
mol_193,4.3356977
mol_194,1.4098252
mol_195,1.8878684
mol_196,4.018431
mol_197,1.6468525
mol_198,1.7560527
mol_199,2.2023773
mol_200,2.533186
mol_201,0.74234843
mol_202,1.3171511
mol_203,1.465572
mol_204,3.8449187
mol_205,4.2696714
mol_206,2.7388978
mol_207,5.5974894
mol_208,1.5543022
mol_209,3.6426282
mol_210,2.6264877
mol_211,1.1304332
mol_212,1.9121714
mol_213,2.1862562
mol_214,2.8569968
mol_215,1.6168544
mol_216,1.5582517
mol_217,1.952125
mol_218,3.926056
mol_219,1.660358
mol_220,1.4468305
mol_221,1.8821945
mol_222,1.7914385
mol_223,3.9345157
mol_224,2.447838
mol_225,3.7220154
mol_226,1.6134552
mol_227,4.443
mol_228,2.9981806
mol_229,2.1198301
mol_230,3.176185
mol_231,-0.25144792
mol_232,2.1253226
mol_233,4.1338964
mol_234,1.810974
mol_235,2.439301
mol_236,2.6603136
mol_237,1.465831
mol_238,1.8461483
mol_239,1.7572008
mol_240,1.0417856
mol_241,7.154542
mol_242,2.617771
mol_243,2.8434646
mol_244,8.868523
mol_245,2.9463577
mol_246,1.9146442
mol_247,4.353138
mol_248,4.4058304
mol_249,2.8642337
mol_250,1.8632448
mol_251,6.005995
mol_252,6.0657606
mol_253,2.207633
mol_254,1.1909214
mol_255,1.7998122
mol_256,4.385684
mol_257,0.8276683
mol_258,0.7543205
mol_259,3.4930122
mol_260,1.5072353
mol_261,2.5221689
mol_262,2.77655
mol_263,3.8962555
mol_264,1.7695138
mol_265,3.1344697
mol_266,1.7339015
mol_267,4.1031384
mol_268,1.4641817
mol_269,2.6694815
mol_270,4.5649195
mol_271,2.8540769
mol_272,1.2265466
mol_273,3.238728
mol_274,1.3105648
mol_275,1.181583
mol_276,1.762984
mol_277,4.6659126
mol_278,0.76686573
mol_279,2.8539515
mol_280,1.3689754
mol_281,1.749255
mol_282,3.3242106
mol_283,1.66343
mol_284,2.488738
mol_285,2.3189864
mol_286,2.5861728
mol_287,3.6675384
mol_288,2.8511074
mol_289,1.4517351
mol_290,0.4212935
mol_291,3.4086957
mol_292,1.4769274
mol_293,4.4924135
mol_294,1.1292623
mol_295,0.9235407
mol_296,7.0351114
mol_297,2.017348
mol_298,0.045002222
mol_299,4.3578835
mol_300,0.7873069
mol_301,3.2945805
mol_302,3.9202814
mol_303,3.625772
mol_304,3.6982028
mol_305,2.79916
mol_306,1.84343
mol_307,2.7343173
mol_308,1.7218955
mol_309,7.346135
mol_310,1.2852881
mol_311,2.55826
mol_312,1.9148316
mol_313,1.8098686
mol_314,0.09027457
mol_315,2.23494
mol_316,0.2921574
mol_317,2.8335507
mol_318,2.049012
mol_319,1.6679156
mol_320,2.3364325
mol_321,3.5653782
mol_322,4.6121264
mol_323,1.4726218
mol_324,0.944412
mol_325,4.084763
mol_326,3.281231
mol_327,0.8486031
mol_328,2.5744026
mol_329,1.8743017
mol_330,5.322442
mol_331,1.8692305
mol_332,3.649311
mol_333,4.575371
mol_334,1.5303985
mol_335,1.6622607
mol_336,4.336945
mol_337,2.2236586
mol_338,3.6174638
mol_339,3.8191485
mol_340,4.487605
mol_341,0.045924425
mol_342,3.106113
mol_343,0.7686243
mol_344,2.8411877
mol_345,1.3501909
mol_346,0.63908756
mol_347,3.361371
mol_348,2.592412
mol_349,2.6676037
mol_350,1.0588194
mol_351,0.41456175
mol_352,1.4055957
mol_353,4.701952
mol_354,4.3251486
mol_355,3.1346745
mol_356,3.3680909
mol_357,3.3025885
mol_358,2.622267
mol_359,4.687623
mol_360,1.671629
mol_361,2.1261008
mol_362,0.45494485
mol_363,3.3433537
mol_364,1.2841249
mol_365,1.9566338
mol_366,1.847291
mol_367,1.7190375
mol_368,4.287682
mol_369,2.3953261
mol_370,3.1742384
mol_371,1.5370857
mol_372,4.2105136
mol_373,0.6429776
mol_374,1.7662742
mol_375,1.8329841
mol_376,1.3359792
mol_377,2.377344
mol_378,1.5051134
mol_379,1.0894498
mol_380,3.1843984
mol_381,5.1578226
mol_382,2.7511618
mol_383,4.778997
mol_384,1.2053813
mol_385,1.472608
mol_386,1.8857896
mol_387,2.2812235
mol_388,2.2642882
mol_389,1.6150079
mol_390,2.3677263
mol_391,1.683494
mol_392,0.62915146
mol_393,2.276895
mol_394,2.6095147
mol_395,0.75605965
mol_396,3.5934885
mol_397,3.359196
mol_398,1.9536715
mol_399,1.4214404
mol_400,3.7766104
mol_401,2.1049788
mol_402,5.2089148
mol_403,2.549343
mol_404,5.63505
mol_405,2.006102
mol_406,4.4087515
mol_407,4.811105
mol_408,4.55465
mol_409,5.8822346
mol_410,2.460351
mol_411,3.8272185
mol_412,2.5979435
mol_413,1.8067431
mol_414,3.0433414
mol_415,3.8409343
mol_416,1.5012791
mol_417,3.213644
mol_418,5.9739895
mol_419,2.0613365
mol_420,2.4885848
mol_421,3.0947485
mol_422,4.195589
mol_423,0.8473152
mol_424,1.6950539
mol_425,1.7081552
mol_426,2.0873249
mol_427,0.71341574
mol_428,1.1396649
mol_429,1.751523
mol_430,4.4808416
mol_431,4.5621214
mol_432,3.0485475
mol_433,1.7203126
mol_434,3.3365679
mol_435,2.1030073
mol_436,5.9114265
mol_437,4.539187
mol_438,3.0242581
mol_439,2.7430584
mol_440,2.1923587
mol_441,1.8959508
mol_442,1.6806622
mol_443,4.542536
mol_444,2.4420989
mol_445,3.425473
mol_446,1.1382482
mol_447,3.2083862
mol_448,5.039017
mol_449,3.6321883
mol_450,1.4586003
mol_451,2.0369232
mol_452,1.8050797
mol_453,4.8256483
mol_454,3.3707738
mol_455,2.7299607
mol_456,5.373768
mol_457,1.5148494
mol_458,1.2270802
mol_459,2.9977684
mol_460,5.6812124
mol_461,2.5240989
mol_462,3.2245164
mol_463,2.3905883
mol_464,3.8105364
mol_465,1.329339
mol_466,1.7721255
mol_467,0.9100354
mol_468,1.6613104
mol_469,1.8189644
mol_470,0.74442816
mol_471,1.6234698
mol_472,5.7211246
mol_473,1.2331014
mol_474,5.0541043
mol_475,2.6266506
mol_476,1.4859486
mol_477,1.3654501
mol_478,1.5500808
mol_479,0.42615414
mol_480,2.0003185
mol_481,3.7789233
mol_482,4.8435655
mol_483,2.4466674
mol_484,2.9104753
mol_485,2.5826812
mol_486,5.657966
mol_487,2.628755
mol_488,5.928557
mol_489,1.3194467
mol_490,1.921835
mol_491,4.4490404
mol_492,2.0857463
mol_493,2.7302732
mol_494,2.8588684
mol_495,3.1438549
mol_496,4.3472257
mol_497,1.743211
mol_498,4.1807265
mol_499,2.5441837
mol_500,3.3132896
mol_501,1.0471529
mol_502,3.2467349
mol_503,1.0088668
mol_504,1.9948533
mol_505,1.4602722
mol_506,1.8754151
mol_507,2.5248125
mol_508,1.1358824
mol_509,2.806362
mol_510,5.073085
mol_511,4.290882
mol_512,4.2609634
mol_513,2.672226
mol_514,2.104927
mol_515,3.4372106
mol_516,3.71718
mol_517,1.9571455
mol_518,4.4560914
mol_519,2.5533636
mol_520,1.5486832
mol_521,2.9506202
mol_522,1.854981
mol_523,4.397882
mol_524,2.879591
mol_525,1.7635975
mol_526,1.9221075
mol_527,2.014166
mol_528,4.0264072
mol_529,2.1359234
mol_530,0.2555306
mol_531,3.994838
mol_532,3.5790336
mol_533,1.8869195
mol_534,2.46358
mol_535,4.915402
mol_536,2.5033977
mol_537,3.4111862
mol_538,6.0841208
mol_539,2.2015066
mol_540,2.0177765
mol_541,1.6134797
mol_542,2.622364
mol_543,4.848604
mol_544,1.3372009
mol_545,1.5142471
mol_546,3.8606815
mol_547,4.203229
mol_548,1.1381134
mol_549,2.6230493
mol_550,1.7054204
mol_551,1.9138627
mol_552,2.6727374
mol_553,1.5061233
mol_554,2.2987552
mol_555,2.329628
mol_556,4.6373158
mol_557,2.4323523
mol_558,4.554432
mol_559,1.9673736
mol_560,1.3956909
mol_561,1.4123367
mol_562,4.114342
mol_563,1.5408748
mol_564,2.1455035
mol_565,2.8440893
mol_566,3.7813416
mol_567,2.6084192
mol_568,4.054223
mol_569,1.2742943
mol_570,1.8220432
mol_571,2.497928
mol_572,2.718035
mol_573,1.9458754
mol_574,2.9290783
mol_575,6.199973
mol_576,0.59725153
mol_577,2.9458442
mol_578,5.6932993
mol_579,1.4207562
mol_580,3.5275774
mol_581,4.1121383
mol_582,1.5965352
mol_583,1.5238647
mol_584,1.5224913
mol_585,3.734308
mol_586,1.3266296
mol_587,1.8798349
mol_588,1.9761219
mol_589,1.4121957
mol_590,2.2137473
mol_591,2.9231024
mol_592,1.6252775
mol_593,1.7520822
mol_594,3.4889317
mol_595,0.29922318
mol_596,2.4961236
mol_597,2.045431
mol_598,2.9470153
mol_599,2.2467432
mol_600,1.4167691
mol_601,4.6318216
mol_602,1.1290945
mol_603,1.5530617
mol_604,4.174305
mol_605,2.0266798
mol_606,5.0341053
mol_607,5.4206514
mol_608,3.2839055
mol_609,2.5980134
mol_610,1.6798346
mol_611,1.6241343
mol_612,4.513774
mol_613,1.828912
mol_614,2.3578308
mol_615,1.9138169
mol_616,0.9370171
mol_617,4.099442
mol_618,5.598709
mol_619,1.3097882
mol_620,0.15726542
mol_621,1.6525854
mol_622,3.3488703
mol_623,3.1416638
mol_624,1.180035
mol_625,3.149188
mol_626,1.8280619
mol_627,-0.109796524
mol_628,2.3301573
mol_629,4.115801
mol_630,3.1512601
mol_631,2.7815828
mol_632,1.9553499
mol_633,1.9942186
mol_634,1.8487551
mol_635,2.2599885
mol_636,1.7733209
mol_637,1.4501851
mol_638,0.72662556
mol_639,1.4615294
mol_640,1.8744375
mol_641,3.030928
mol_642,1.5887177
mol_643,2.4627137
mol_644,1.9302692
mol_645,1.3698852
mol_646,1.3167332
mol_647,1.5601887
mol_648,0.9542097
mol_649,1.8818861
mol_650,0.7671329
mol_651,3.5679305
mol_652,1.4318376
mol_653,2.9350588
mol_654,0.61725914
mol_655,1.5479015
mol_656,5.734617
mol_657,1.1632307
mol_658,1.758996
mol_659,0.6605593
mol_660,1.4493217
mol_661,2.611864
mol_662,3.09764
mol_663,2.2208362
mol_664,2.4799874
mol_665,5.8206854
mol_666,1.8169205
mol_667,1.5925063
mol_668,1.3644646
mol_669,3.3356433
mol_670,2.7134414
mol_671,3.376791
mol_672,4.1438684
mol_673,1.8126487
mol_674,3.14958
mol_675,2.3861375
mol_676,1.8415867
mol_677,1.6180526
mol_678,3.711355
mol_679,1.1050593
mol_680,2.0456357
mol_681,3.8564649
mol_682,0.5639415
mol_683,3.436225
mol_684,3.115274
mol_685,2.2819905
mol_686,3.2872155
mol_687,5.1537952
mol_688,3.8584914
mol_689,2.8974528
mol_690,1.9594934
mol_691,3.389654
mol_692,2.7545805
mol_693,1.4182357
mol_694,1.9590873
mol_695,3.1561413
mol_696,0.20300603
mol_697,2.4913185
mol_698,4.197226
mol_699,2.2687871
mol_700,1.3447245
mol_701,2.1774824
mol_702,2.8945901
mol_703,3.486825
mol_704,1.1957287
mol_705,5.834506
mol_706,4.1233788
mol_707,3.7490234
mol_708,4.1729794
mol_709,2.1035373
mol_710,4.257384
mol_711,1.2212924
mol_712,3.4400816
mol_713,3.0871632
mol_714,1.7278588
mol_715,2.7832785
mol_716,2.752801
mol_717,2.6278439
mol_718,2.1961937
mol_719,3.2789507
mol_720,1.8209629
mol_721,3.6895509
mol_722,1.1969429
mol_723,1.9218819
mol_724,2.1562846
mol_725,1.3950895
mol_726,0.23896956
mol_727,1.3299257
mol_728,3.2196617
mol_729,1.5407702
mol_730,2.0702753
mol_731,2.1824255
mol_732,4.274377
mol_733,3.2096682
mol_734,4.295669
mol_735,1.7258699
mol_736,2.5641727
mol_737,2.5202847
mol_738,1.9782997
mol_739,1.333885
mol_740,6.1761975
mol_741,1.7202513
mol_742,1.3786105
mol_743,4.9700203
mol_744,1.9833564
mol_745,2.4629607
mol_746,2.5850518
mol_747,2.7094963
mol_748,0.9508742
mol_749,1.5232778
mol_750,5.0033727
mol_751,1.1572472
mol_752,3.2486844
mol_753,4.2521734
mol_754,1.4539652
mol_755,2.6347919
mol_756,3.9954581
mol_757,1.8006575
mol_758,1.8744148
mol_759,4.025052
mol_760,1.8088106
mol_761,2.7276905
mol_762,1.2463642
mol_763,1.3501303
mol_764,0.79600537
mol_765,5.6017485
mol_766,3.419788
mol_767,3.1373363
mol_768,0.8310449
mol_769,0.42106748
mol_770,1.2681329
mol_771,2.1343431
mol_772,2.8666425
mol_773,0.6489767
mol_774,1.8202957
mol_775,1.4338931
mol_776,3.8853106
mol_777,2.9154725
mol_778,2.9600775
mol_779,2.7209601
mol_780,2.3900526
mol_781,1.9754102
mol_782,1.7524564
mol_783,2.6218932
mol_784,1.5937021
mol_785,1.6024988
mol_786,3.2878203
mol_787,3.9766517
mol_788,4.8984137
mol_789,4.784207
mol_790,7.1453924
mol_791,0.66797495
mol_792,1.7970686
mol_793,3.9519153
mol_794,2.6666508
mol_795,0.31974387
mol_796,4.0110216
mol_797,3.4054904
mol_798,1.3257747
mol_799,2.8103862
mol_800,2.13633
mol_801,4.908375
mol_802,2.7090065
mol_803,1.136138
mol_804,2.7885642
mol_805,2.0018454
mol_806,2.4484677
mol_807,0.05188942
mol_808,4.5562935
mol_809,1.2689431
mol_810,2.043538
mol_811,4.029949
mol_812,1.4046779
mol_813,3.5939093
mol_814,1.4022715
mol_815,0.6303561
mol_816,2.9946327
mol_817,3.7866473
mol_818,-0.049975872
mol_819,0.37222195
mol_820,3.6130219
mol_821,1.7643907
mol_822,1.9613228
mol_823,4.6290646
mol_824,0.34726453
mol_825,5.187294
mol_826,2.0845912
mol_827,4.278115
mol_828,3.2021463
mol_829,3.7882962
mol_830,1.7478857
mol_831,1.876966
mol_832,1.2862957
mol_833,2.153197
mol_834,5.5872846
mol_835,1.7989851
mol_836,3.9304788
mol_837,2.8198762
mol_838,5.5136266
mol_839,4.563776
mol_840,3.53699
mol_841,3.6983674
mol_842,7.57719
mol_843,2.982954
mol_844,2.4208405
mol_845,1.2838932
mol_846,1.7910551
mol_847,1.5345825
mol_848,4.8376584
mol_849,2.689227
mol_850,1.2411593
mol_851,1.1459605
mol_852,2.3689682
mol_853,1.4337277
mol_854,4.0746155
mol_855,4.938248
mol_856,5.088578
mol_857,2.8948162
mol_858,2.241721
mol_859,3.4097288
mol_860,6.6968293
mol_861,3.7127242
mol_862,1.1222445
mol_863,2.3896756
mol_864,1.3709695
mol_865,1.28743
mol_866,1.6943738
mol_867,4.5218773
mol_868,1.051485
mol_869,1.4241507
mol_870,4.9563427
mol_871,4.036682
mol_872,1.39894
mol_873,2.1346478
mol_874,4.268353
mol_875,4.191569
mol_876,3.2203069
mol_877,1.6045983
mol_878,2.957632
mol_879,8.659695
mol_880,2.341627
mol_881,3.0210786
mol_882,2.0431952
mol_883,1.5535972
mol_884,1.0197359
mol_885,1.7456872
mol_886,3.3564441
mol_887,3.9623327
mol_888,2.7162726
mol_889,1.6337472
mol_890,4.34562
mol_891,3.9565578
mol_892,1.3307868
mol_893,2.3175092
mol_894,1.0250416
mol_895,1.7696235
mol_896,4.18179
mol_897,2.7601328
mol_898,3.4876437
mol_899,1.7636743
mol_900,3.6341515
mol_901,1.5376638
mol_902,4.3339863
mol_903,2.1764712
mol_904,3.4222622
mol_905,5.122394
mol_906,0.6213485
mol_907,1.4197036
mol_908,2.25445
mol_909,2.5088122
mol_910,7.5724216
mol_911,1.9719269
mol_912,1.0287869
mol_913,0.97663426
mol_914,4.0599375
mol_915,1.2566774
mol_916,2.800095
mol_917,0.122327805
mol_918,1.1232926
mol_919,3.8213181
mol_920,2.2778797
mol_921,3.3530927
mol_922,4.1538525
mol_923,1.5391719
mol_924,0.98781765
mol_925,2.206034
mol_926,1.8688138
mol_927,4.1656055
mol_928,2.2796774
mol_929,2.8446972
mol_930,2.9100704
mol_931,4.174856
mol_932,2.0142355
mol_933,4.645211
mol_934,1.7072351
mol_935,1.5591669
mol_936,2.6267936
mol_937,2.5250034
mol_938,2.3219862
mol_939,1.0287637
mol_940,6.5226297
mol_941,3.197407
mol_942,0.8916576
mol_943,3.4793909
mol_944,0.64130366
mol_945,2.1020787
mol_946,5.973155
mol_947,1.8564467
mol_948,1.689123
mol_949,3.4481692
mol_950,-0.042086363
mol_951,1.9013977
mol_952,1.6001167
mol_953,1.4299966
mol_954,1.6472914
mol_955,2.6791296
mol_956,0.8112563
mol_957,5.189743
mol_958,2.7472644
mol_959,1.3103535
mol_960,1.6769081
mol_961,3.957808
mol_962,4.8030825
mol_963,1.2942097
mol_964,1.1834106
mol_965,4.206726
mol_966,2.0706606
mol_967,1.5551077
mol_968,2.2001991
mol_969,1.7113336
mol_970,3.464736
mol_971,1.9096878
mol_972,2.5531318
mol_973,3.131309
mol_974,1.0263125
mol_975,2.4956572
mol_976,2.8944993
mol_977,2.3047166
mol_978,2.0935767
mol_979,1.9407817
mol_980,1.872684
mol_981,4.1808434
mol_982,1.4863541
mol_983,1.9000626
mol_984,2.6473255
mol_985,1.5250041
mol_986,2.6404536
mol_987,5.260766
mol_988,2.1376805
mol_989,1.8205507
mol_990,3.9549747
mol_991,4.225483
mol_992,2.0628948
mol_993,3.6640778
mol_994,3.60434
mol_995,1.3676449
mol_996,0.007884026
mol_997,2.0031698
mol_998,1.8954923
mol_999,3.3700094
mol_1000,5.74566
mol_1001,1.8575969
mol_1002,4.974744
mol_1003,4.636258
mol_1004,1.0427052
mol_1005,4.0823574
mol_1006,2.2519636
mol_1007,2.410771
mol_1008,2.4776046
mol_1009,3.4841685
mol_1010,5.556149
mol_1011,2.39861
mol_1012,2.7365835
mol_1013,3.473879
mol_1014,2.2652397
mol_1015,3.1806939
mol_1016,1.3586423
mol_1017,2.020793
mol_1018,2.1858795
mol_1019,1.6360093
mol_1020,2.7303934
mol_1021,2.4490652
mol_1022,3.2254314
mol_1023,2.3679886
mol_1024,4.270274
mol_1025,1.9583945
mol_1026,1.5434076
mol_1027,4.4805593
mol_1028,3.362929
mol_1029,2.9601822
mol_1030,2.1024203
mol_1031,1.4551268
mol_1032,1.8286452
mol_1033,4.6080036
mol_1034,1.7687675
mol_1035,1.5495347
mol_1036,1.6160301
mol_1037,2.274848
mol_1038,3.5256643
mol_1039,1.4424393
mol_1040,2.604053
mol_1041,1.4686432
mol_1042,5.2976937
mol_1043,1.0918866
mol_1044,3.8503022
mol_1045,4.3820853
mol_1046,4.19441
mol_1047,0.17591953
mol_1048,1.205803
mol_1049,2.1573262
mol_1050,1.6564491
mol_1051,2.0817215
mol_1052,1.0843369
mol_1053,1.6903706
mol_1054,1.4723564
mol_1055,2.0512388
mol_1056,1.289255
mol_1057,1.5226794
mol_1058,4.0004044
mol_1059,2.177082
mol_1060,1.5344486
mol_1061,3.671138
mol_1062,0.014872313
mol_1063,5.342103
mol_1064,1.9367135
mol_1065,2.953489
mol_1066,2.353675
mol_1067,0.67059517
mol_1068,1.1249312
mol_1069,2.6761146
mol_1070,1.4450415
mol_1071,1.0556549
mol_1072,1.4328837
mol_1073,3.776351
mol_1074,2.3512657
mol_1075,1.2011442
mol_1076,1.6433246
mol_1077,2.0598948
mol_1078,1.1343776
mol_1079,2.0578742
mol_1080,2.7261274
mol_1081,2.7867682
mol_1082,2.4289467
mol_1083,3.0549824
mol_1084,0.600883
mol_1085,1.98178
mol_1086,2.0872948
mol_1087,1.436144
mol_1088,1.9845331
mol_1089,1.7504408
mol_1090,2.9428725
mol_1091,3.70432
mol_1092,2.575096
mol_1093,3.5765054
mol_1094,2.9851322
mol_1095,2.3995867
mol_1096,3.6249568
mol_1097,1.9474585
mol_1098,3.4864016
mol_1099,1.4555357
mol_1100,2.8706272
mol_1101,1.3475732
mol_1102,3.280407
mol_1103,4.2900524
mol_1104,1.6615033
mol_1105,2.6309626
mol_1106,4.2235665
mol_1107,2.8087695
mol_1108,3.7190104
mol_1109,3.0062034
mol_1110,4.6853566
mol_1111,3.681276
mol_1112,-0.034682512
mol_1113,1.0498313
mol_1114,2.7450843
mol_1115,2.1859903
mol_1116,2.0817745
mol_1117,2.761996
mol_1118,3.6035504
mol_1119,1.645694
mol_1120,5.679072
mol_1121,5.3972073
mol_1122,2.3439107
mol_1123,2.412897
mol_1124,3.7538157
mol_1125,1.9303536
mol_1126,2.1424077
mol_1127,3.2769995
mol_1128,1.3760428
mol_1129,4.0779734
mol_1130,2.7343817
mol_1131,4.2655888
mol_1132,1.8114936
mol_1133,3.5338607
mol_1134,0.71925116
mol_1135,5.17972
mol_1136,1.503504
mol_1137,2.0627499
mol_1138,1.672797
mol_1139,2.1400685
mol_1140,2.094198
mol_1141,3.1649094
mol_1142,0.21753001
mol_1143,2.4747045
mol_1144,3.451541
mol_1145,1.5834072
mol_1146,2.4292467
mol_1147,1.3294866
mol_1148,4.767866
mol_1149,2.2535694
mol_1150,2.1983297
mol_1151,1.36928
mol_1152,3.1751776
mol_1153,2.8183334
mol_1154,1.324251
mol_1155,2.630621
mol_1156,4.7961626
mol_1157,5.4030733
mol_1158,1.8507369
mol_1159,1.3943092
mol_1160,1.4820664
mol_1161,1.9941934
mol_1162,1.6130004
mol_1163,1.3783132
mol_1164,3.714666
mol_1165,2.3126128
mol_1166,2.4655132
mol_1167,1.7656884
mol_1168,1.8053718
mol_1169,3.8204126
mol_1170,1.4603399
mol_1171,1.9877698
mol_1172,1.2448392
mol_1173,6.1786013
mol_1174,2.989762
mol_1175,2.5814798
mol_1176,4.944113
mol_1177,1.8234448
mol_1178,2.887566
mol_1179,3.003227
mol_1180,2.5454068
mol_1181,3.0725372
mol_1182,4.42193
mol_1183,2.0955572
mol_1184,3.7076735
mol_1185,3.3808184
mol_1186,3.140324
mol_1187,1.2728884
mol_1188,1.7589352
mol_1189,1.5850797
mol_1190,1.9259088
mol_1191,3.8488326
mol_1192,1.5878019
mol_1193,2.043923
mol_1194,4.0275354
mol_1195,4.2903275
mol_1196,0.114387035
mol_1197,4.657508
mol_1198,2.3032663
mol_1199,3.703077
mol_1200,1.9026507
mol_1201,1.89405
mol_1202,2.546142
mol_1203,2.1741853
mol_1204,2.0762038
mol_1205,1.7298301
mol_1206,1.8369071
mol_1207,4.506671
mol_1208,3.0328448
mol_1209,2.4428282
mol_1210,0.55066776
mol_1211,2.8381972
mol_1212,4.560614
mol_1213,0.19983363
mol_1214,4.57313
mol_1215,2.1513965
mol_1216,1.6296383
mol_1217,1.885438
mol_1218,1.9729807
mol_1219,3.2152967
mol_1220,7.1423006
mol_1221,1.96474
mol_1222,3.0623102
mol_1223,5.2193604
mol_1224,3.0500784
mol_1225,2.7497654
mol_1226,0.58814275
mol_1227,4.9308414
mol_1228,1.2651825
mol_1229,2.605756
mol_1230,2.3598638
mol_1231,2.5182614
mol_1232,1.9664655
mol_1233,1.6330234
mol_1234,2.9140584
mol_1235,3.139823
mol_1236,2.3140378
mol_1237,3.215171
mol_1238,1.7325168
mol_1239,4.132062
mol_1240,1.769134
mol_1241,2.5783098
mol_1242,1.1357721
mol_1243,1.9103713
mol_1244,1.8484013
mol_1245,2.9470305
mol_1246,1.333448
mol_1247,-0.013574123
mol_1248,2.4138215
mol_1249,3.557587
mol_1250,1.2814213
mol_1251,3.4373477
mol_1252,0.265172
mol_1253,2.237923
mol_1254,5.7280765
mol_1255,1.711884
mol_1256,4.016534
mol_1257,1.7597508
mol_1258,1.291284
mol_1259,4.338623
mol_1260,5.569939
mol_1261,0.79324687
mol_1262,2.1823962
mol_1263,2.477951
mol_1264,4.138111
mol_1265,2.3438697
mol_1266,1.5537195
mol_1267,2.5007975
mol_1268,1.9670377
mol_1269,0.7406312
mol_1270,2.3725717
mol_1271,3.1556015
mol_1272,2.4881055
mol_1273,2.6242092
mol_1274,2.0563586
mol_1275,1.8517399
mol_1276,1.6954228
mol_1277,3.337022
mol_1278,1.5629691
mol_1279,1.3031696
mol_1280,1.587647
mol_1281,1.6329141
mol_1282,1.0473422
mol_1283,3.802071
mol_1284,4.402194
mol_1285,2.1429033
mol_1286,1.7033832
mol_1287,2.678234
mol_1288,1.858691
mol_1289,1.7936957
mol_1290,1.630423
mol_1291,0.16307998
mol_1292,1.4922343
mol_1293,2.5370374
mol_1294,4.1124973
mol_1295,3.1099467
mol_1296,3.0741546
mol_1297,1.9305091
mol_1298,3.0253265
mol_1299,1.9446204
mol_1300,2.208013
mol_1301,1.034974
mol_1302,3.7077198
mol_1303,4.71011
mol_1304,2.716573
mol_1305,2.3338158
mol_1306,0.55040073
mol_1307,3.4864824
mol_1308,4.708142
mol_1309,1.731595
mol_1310,2.682877
mol_1311,0.5981033
mol_1312,2.716769
mol_1313,2.1969962
mol_1314,3.4487636
mol_1315,0.67743576
mol_1316,4.345234
mol_1317,3.9212775
mol_1318,2.1128292
mol_1319,4.786418
mol_1320,1.4242971
mol_1321,0.98903
mol_1322,1.8380592
mol_1323,5.4858246
mol_1324,3.9071226
mol_1325,1.9852968
mol_1326,5.308341
mol_1327,2.147328
mol_1328,1.9234719
mol_1329,2.5124633
mol_1330,2.2285774
mol_1331,1.1181886
mol_1332,4.8898554
mol_1333,2.2041006
mol_1334,1.3622016
mol_1335,1.7734683
mol_1336,4.4745884
mol_1337,1.7038866
mol_1338,1.6349163
mol_1339,2.880992
mol_1340,2.4830236
mol_1341,1.7748891
mol_1342,1.838275
mol_1343,1.7404623
mol_1344,2.1004732
mol_1345,3.8310552
mol_1346,5.336055
mol_1347,1.3732595
mol_1348,0.89447606
mol_1349,1.8110105
mol_1350,1.5321977
mol_1351,4.1441755
mol_1352,7.9688215
mol_1353,5.3041306
mol_1354,0.7900442
mol_1355,2.931524
mol_1356,3.4836519
mol_1357,1.6878972
mol_1358,5.044628
mol_1359,0.95481575
mol_1360,3.6999102
mol_1361,3.2585454
mol_1362,3.2682447
mol_1363,1.8759096
mol_1364,4.2014103
mol_1365,0.3385043
mol_1366,1.7657082
mol_1367,2.3035755
mol_1368,3.0677717
mol_1369,4.08062
mol_1370,5.1062202
mol_1371,4.1977816
mol_1372,2.8060036
mol_1373,4.248186
mol_1374,4.2410717
mol_1375,1.6190827
mol_1376,1.9827065
mol_1377,2.3282888
mol_1378,1.8609481
mol_1379,1.5248939
mol_1380,0.1330421
mol_1381,2.9458377
mol_1382,1.0955167
mol_1383,1.7462137
mol_1384,2.557251
mol_1385,3.7237732
mol_1386,1.0931134
mol_1387,2.5345852
mol_1388,1.3766435
mol_1389,4.318013
mol_1390,1.1251445
mol_1391,3.1366796
mol_1392,1.4448571
mol_1393,4.616868
mol_1394,1.8069696
mol_1395,0.6986457
mol_1396,1.729411
mol_1397,0.5597391
mol_1398,1.2072593
mol_1399,4.479121
mol_1400,3.2786078
mol_1401,0.45227528
mol_1402,3.4432187
mol_1403,2.0198412
mol_1404,1.5723605
mol_1405,1.284631
mol_1406,2.4901962
mol_1407,1.5647765
mol_1408,1.8035192
mol_1409,1.9522846
mol_1410,2.7400835
mol_1411,1.6585224
mol_1412,1.5972476
mol_1413,0.79872906
mol_1414,0.76716256
mol_1415,2.6193678
mol_1416,0.736074
mol_1417,1.5598991
mol_1418,2.0439088
mol_1419,2.9743197
mol_1420,1.789091
mol_1421,2.1605346
mol_1422,1.6210201
mol_1423,3.1660771
mol_1424,2.991433
mol_1425,4.451159
mol_1426,1.4256394
mol_1427,5.09116
mol_1428,2.4236565
mol_1429,3.5286741
mol_1430,0.13078022
mol_1431,3.3691728
mol_1432,2.6475785
mol_1433,4.2896
mol_1434,0.48168087
mol_1435,0.16563368
mol_1436,1.3391292
mol_1437,1.4003576
mol_1438,4.560113
mol_1439,4.9741597
mol_1440,1.3679564
mol_1441,1.8501726
mol_1442,0.39940238
mol_1443,1.2621781
mol_1444,4.0158024
mol_1445,3.9836602
mol_1446,1.5347198
mol_1447,1.8832269
mol_1448,2.8659382
mol_1449,1.6603271
mol_1450,1.5898025
mol_1451,1.5867099
mol_1452,3.1012683
mol_1453,2.4526656
mol_1454,4.691265
mol_1455,0.38417768
mol_1456,1.2884088
mol_1457,4.9694614
mol_1458,0.2230022
mol_1459,4.110891
mol_1460,1.6854255
mol_1461,3.8666341
mol_1462,4.2607336
mol_1463,4.423911
mol_1464,0.69027495
mol_1465,4.437334
mol_1466,1.7360351
mol_1467,1.4020541
mol_1468,1.6121396
mol_1469,2.3982015
mol_1470,0.3445201
mol_1471,1.360682
mol_1472,2.5287607
mol_1473,1.9439597
mol_1474,1.3702148
mol_1475,3.3988085
mol_1476,2.1484067
mol_1477,1.7200428
mol_1478,5.547717
mol_1479,2.4352505
mol_1480,1.1547657
mol_1481,3.447015
mol_1482,5.0040665
mol_1483,4.795403
mol_1484,1.5302887
mol_1485,1.2795067
mol_1486,4.4068136
mol_1487,2.7633696
mol_1488,1.3888484
mol_1489,3.3604577
mol_1490,5.35638
mol_1491,1.7570539
mol_1492,1.7847292
mol_1493,3.2577748
mol_1494,1.5218387
mol_1495,1.8737153
mol_1496,1.7427468
mol_1497,2.0489776
mol_1498,1.6911951
mol_1499,1.6222823
mol_1500,1.3923361
mol_1501,1.3570144
mol_1502,0.17854643
mol_1503,1.4915377
mol_1504,2.3275461
mol_1505,4.22135
mol_1506,1.288613
mol_1507,2.2975605
mol_1508,2.9964943
mol_1509,3.8443096
mol_1510,1.3871478
mol_1511,2.1633224
mol_1512,2.281462
mol_1513,3.4091446
mol_1514,4.5479336
mol_1515,2.0905151
mol_1516,3.1058102
mol_1517,2.3169546
mol_1518,1.724448
mol_1519,1.5701692
mol_1520,2.0484467
mol_1521,1.944423
mol_1522,2.162848
mol_1523,1.9314015
mol_1524,4.1019797
mol_1525,4.9338393
mol_1526,1.4967114
mol_1527,5.5717325
mol_1528,5.366947
mol_1529,0.9074304
mol_1530,3.9289954
mol_1531,2.722677
mol_1532,1.8164036
mol_1533,3.5836382
mol_1534,4.353302
mol_1535,1.555795
mol_1536,1.4041488
mol_1537,1.3955109
mol_1538,4.4420633
mol_1539,3.6474547
mol_1540,2.0551
mol_1541,4.3413177
mol_1542,1.591855
mol_1543,5.651969
mol_1544,0.9057416
mol_1545,1.2833128
mol_1546,5.024275
mol_1547,2.1453624
mol_1548,3.0253148
mol_1549,3.7243679
mol_1550,1.0562304
mol_1551,1.6203216
mol_1552,3.7668858
mol_1553,1.5679178
mol_1554,1.9362822
mol_1555,7.0451407
mol_1556,1.6318202
mol_1557,3.7651744
mol_1558,1.8330855
mol_1559,1.5336033
mol_1560,2.4080703
mol_1561,2.6549249
mol_1562,1.4973013
mol_1563,2.864588
mol_1564,4.1654596
mol_1565,1.0192165
mol_1566,1.0535853
mol_1567,1.9115309
mol_1568,1.864424
mol_1569,2.64065
mol_1570,3.2499225
mol_1571,1.9519457
mol_1572,2.0865035
mol_1573,3.0740504
mol_1574,6.750785
mol_1575,3.0448747
mol_1576,2.3103719
mol_1577,3.6534882
mol_1578,1.4752841
mol_1579,2.1027985
mol_1580,2.3256025
mol_1581,6.9073696
mol_1582,2.4438157
mol_1583,1.684791
mol_1584,1.3894174
mol_1585,2.9794345
mol_1586,3.8221364
mol_1587,0.063126564
mol_1588,3.0183592
mol_1589,2.0896943
mol_1590,1.8591946
mol_1591,1.610028
mol_1592,4.2886887
mol_1593,3.1595821
mol_1594,3.801568
mol_1595,1.1832944
mol_1596,1.9188634
mol_1597,0.46541357
mol_1598,3.2055511
mol_1599,2.752212
mol_1600,3.105722
mol_1601,1.8520682
mol_1602,1.3317789
mol_1603,3.3308842
mol_1604,3.0181024
mol_1605,1.3205965
mol_1606,4.689237
mol_1607,2.094747
mol_1608,1.7340367
mol_1609,2.0225718
mol_1610,1.651891
mol_1611,1.6174276
mol_1612,1.836884
mol_1613,1.3480704
mol_1614,4.780238
mol_1615,1.6720805
mol_1616,2.5001054
mol_1617,5.24428
mol_1618,1.4728888
mol_1619,3.00763
mol_1620,1.7923336
mol_1621,3.4170277
mol_1622,4.069862
mol_1623,1.6242381
mol_1624,2.1897285
mol_1625,4.177404
mol_1626,2.4779606
mol_1627,1.6823237
mol_1628,1.9418344
mol_1629,4.1321106
mol_1630,2.819723
mol_1631,3.9749873
mol_1632,1.02632
mol_1633,1.3868809
mol_1634,2.8416953
mol_1635,4.550565
mol_1636,3.3695054
mol_1637,1.604013
mol_1638,5.6013703
mol_1639,2.8117275
mol_1640,0.38588238
mol_1641,1.8648512
mol_1642,1.8344573
mol_1643,2.8048725
mol_1644,0.93366766
mol_1645,0.9643167
mol_1646,2.255909
mol_1647,2.0254517
mol_1648,-0.059489727
mol_1649,2.4735987
mol_1650,0.4901607
mol_1651,1.485419
mol_1652,1.7293451
mol_1653,1.5705401
mol_1654,5.3736563
mol_1655,2.9050574
mol_1656,2.3473046
mol_1657,1.8657548
mol_1658,6.445009
mol_1659,2.726124
mol_1660,2.7312386
mol_1661,2.8468707
mol_1662,3.559476
mol_1663,2.3753896
mol_1664,5.383395
mol_1665,2.6227572
mol_1666,1.0195246
mol_1667,5.0987334
mol_1668,1.3787518
mol_1669,2.3784084
mol_1670,3.3715627
mol_1671,4.8401747
mol_1672,3.7678294
mol_1673,-0.12206364
mol_1674,0.9543457
mol_1675,4.2737684
mol_1676,2.1272042
mol_1677,2.5286179
mol_1678,0.95613134
mol_1679,3.3610458
mol_1680,1.6959641
mol_1681,2.6125324
mol_1682,3.322576
mol_1683,1.7253982
mol_1684,5.242066
mol_1685,5.674124
mol_1686,4.159141
mol_1687,3.5042772
mol_1688,2.839809
mol_1689,3.9938734
mol_1690,5.533492
mol_1691,2.6999712
mol_1692,2.304116
mol_1693,2.8262777
mol_1694,1.4962343
mol_1695,5.541976
mol_1696,4.7590923
mol_1697,4.1731396
mol_1698,1.5550535
mol_1699,2.704948
mol_1700,1.6728418
mol_1701,3.4072788
mol_1702,2.6668012
mol_1703,1.37095
mol_1704,0.9754814
mol_1705,0.4181726
mol_1706,1.2782692
mol_1707,5.188183
mol_1708,0.91075563
mol_1709,0.7326983
mol_1710,1.8056958
mol_1711,3.5208836
mol_1712,3.4997306
mol_1713,1.4759685
mol_1714,3.1766052
mol_1715,3.448689
mol_1716,4.305418
mol_1717,2.23047
mol_1718,2.7591763
mol_1719,1.6432121
mol_1720,2.6462185
mol_1721,1.9574648
mol_1722,1.5872471
mol_1723,2.6096473
mol_1724,1.2412707
mol_1725,1.6895126
mol_1726,0.41391182
mol_1727,5.710162
mol_1728,2.4324088
mol_1729,1.5711149
mol_1730,2.0941715
mol_1731,4.905861
mol_1732,0.83133173
mol_1733,1.7363586
mol_1734,3.2561462
mol_1735,4.1126814
mol_1736,2.4761703
mol_1737,5.283427
mol_1738,5.897419
mol_1739,5.2881517
mol_1740,2.036099
mol_1741,-0.10137844
mol_1742,3.9320955
mol_1743,1.5386328
mol_1744,1.6986346
mol_1745,5.8799505
mol_1746,0.9927633
mol_1747,0.13020515
mol_1748,1.5079159
mol_1749,1.2004366
mol_1750,2.7185915
mol_1751,3.4466074
mol_1752,2.8552337
mol_1753,1.7778757
mol_1754,2.4479458
mol_1755,1.7068381
mol_1756,2.0788121
mol_1757,0.8598386
mol_1758,1.6954216
mol_1759,0.5048318
mol_1760,3.9060986
mol_1761,4.8326254
mol_1762,2.1572554
mol_1763,2.2915306
mol_1764,2.0114143
mol_1765,4.4438806
mol_1766,0.12222767
mol_1767,1.500303
mol_1768,7.065828
mol_1769,4.0975914
mol_1770,4.402959
mol_1771,3.100587
mol_1772,2.132553
mol_1773,0.30449915
mol_1774,4.346522
mol_1775,5.2604246
mol_1776,1.4954642
mol_1777,1.4856063
mol_1778,3.1546192
mol_1779,2.7153854
mol_1780,2.655834
mol_1781,5.180622
mol_1782,1.5144002
mol_1783,1.8939438
mol_1784,2.9792857
mol_1785,2.2261195
mol_1786,3.215453
mol_1787,0.95816636
mol_1788,1.4466395
mol_1789,5.7891297
mol_1790,1.524375
mol_1791,0.8419806
mol_1792,2.0049267
mol_1793,1.2679408
mol_1794,2.2181826
mol_1795,4.325265
mol_1796,1.8632135
mol_1797,3.2692463
mol_1798,4.968322
mol_1799,2.0381343
mol_1800,3.9077268
mol_1801,1.1955168
mol_1802,1.5286771
mol_1803,2.8308742
mol_1804,0.765648
mol_1805,2.3862083
mol_1806,1.606258
mol_1807,4.1861515
mol_1808,4.365127
mol_1809,1.0580591
mol_1810,3.341455
mol_1811,1.3424962
mol_1812,2.7431133
mol_1813,1.1911827
mol_1814,3.693306
mol_1815,5.357417
mol_1816,3.3968918
mol_1817,0.4863975
mol_1818,3.9944227
mol_1819,1.695305
mol_1820,1.4730673
mol_1821,2.495988
mol_1822,0.67714024
mol_1823,4.9610844
mol_1824,3.3557472
mol_1825,0.3565669
mol_1826,3.5664084
mol_1827,2.6077313
mol_1828,1.9557892
mol_1829,3.3121672
mol_1830,2.658348
mol_1831,3.084084
mol_1832,1.4294677
mol_1833,4.6397285
mol_1834,1.5404866
mol_1835,4.8976545
mol_1836,2.3946733
mol_1837,5.139162
mol_1838,3.2160845
mol_1839,1.6134673
mol_1840,1.5274942
mol_1841,4.5262146
mol_1842,2.7898138
mol_1843,1.8005502
mol_1844,3.1231246
mol_1845,2.1861572
mol_1846,1.5863855
mol_1847,2.6297786
mol_1848,3.7350116
mol_1849,1.2017272
mol_1850,2.1976864
mol_1851,1.5944316
mol_1852,2.7924497
mol_1853,4.866968
mol_1854,2.217284
mol_1855,3.3374627
mol_1856,1.4445738
mol_1857,3.3547635
mol_1858,4.273674
mol_1859,0.36267734
mol_1860,4.6208363
mol_1861,1.8895898
mol_1862,1.8521228
mol_1863,1.3396262
mol_1864,2.7468922
mol_1865,2.6057773
mol_1866,1.2523022
mol_1867,1.6962438
mol_1868,1.961865
mol_1869,3.8090506
mol_1870,1.3523978
mol_1871,0.6976923
mol_1872,5.0562706
mol_1873,0.16279387
mol_1874,2.7248633
mol_1875,2.2169468
mol_1876,0.86692035
mol_1877,3.125534
mol_1878,3.6801057
mol_1879,1.8791661
mol_1880,1.4739345
mol_1881,2.0012434
mol_1882,1.9608244
mol_1883,1.4507743
mol_1884,1.5861831
mol_1885,2.4817667
mol_1886,5.210041
mol_1887,1.9576341
mol_1888,1.7752888
mol_1889,1.442311
mol_1890,3.6734085
mol_1891,5.370704
mol_1892,3.611308
mol_1893,1.7108177
mol_1894,2.345326
mol_1895,1.4251351
mol_1896,2.1736689
mol_1897,1.4031034
mol_1898,4.1602488
mol_1899,3.2227414
mol_1900,1.7247632
mol_1901,4.074996
mol_1902,3.377628
mol_1903,1.7096434
mol_1904,3.8856509
mol_1905,3.1723733
mol_1906,5.8332005
mol_1907,6.5486298
mol_1908,1.5111005
mol_1909,1.5966029
mol_1910,1.4714822
mol_1911,2.5660107
mol_1912,3.2091541
mol_1913,2.3172996
mol_1914,1.3491899
mol_1915,1.8693271
mol_1916,1.6983808
mol_1917,1.7587411
mol_1918,2.4937828
mol_1919,3.882172
mol_1920,2.2729926
mol_1921,1.8041723
mol_1922,2.4146588
mol_1923,2.9798675
mol_1924,0.036938667
mol_1925,2.0263782
mol_1926,0.9466133
mol_1927,4.2185173
mol_1928,1.1986617
mol_1929,1.658095
mol_1930,1.476148
mol_1931,0.92096066
mol_1932,4.571321
mol_1933,4.1262646
mol_1934,3.7354097
mol_1935,3.3886518
mol_1936,4.713229
mol_1937,1.27373
mol_1938,1.4673444
mol_1939,3.3167138
mol_1940,3.2267768
mol_1941,0.8850689
mol_1942,2.3626146
mol_1943,4.2483854
mol_1944,1.4556028
mol_1945,3.316643
mol_1946,5.0107584
mol_1947,3.4717703
mol_1948,2.7115242
mol_1949,1.0144327
mol_1950,2.6713777
mol_1951,2.3075492
mol_1952,4.179406
mol_1953,1.7096081
mol_1954,2.0980592
mol_1955,3.1303515
mol_1956,3.6296263
mol_1957,3.0047884
mol_1958,1.1710607
mol_1959,6.23215
mol_1960,3.6089025
mol_1961,1.8678619
mol_1962,2.1353416
mol_1963,1.7746825
mol_1964,1.9698977
mol_1965,0.47553396
mol_1966,2.6413357
mol_1967,6.122055
mol_1968,3.8901973
mol_1969,2.687505
mol_1970,2.6218476
mol_1971,2.8465693
mol_1972,5.934864
mol_1973,3.373579
mol_1974,4.988764
mol_1975,4.6870112
mol_1976,1.8409497
mol_1977,1.8361313
mol_1978,1.7197838
mol_1979,3.2864726
mol_1980,1.5878544
mol_1981,4.070801
mol_1982,4.4084105
mol_1983,4.51554
mol_1984,1.7122633
mol_1985,5.9419556
mol_1986,1.2042981
mol_1987,3.4758842
mol_1988,1.1730464
mol_1989,1.8294344
mol_1990,1.734355
mol_1991,3.928975
mol_1992,4.688628
mol_1993,4.60625
mol_1994,1.6797569
mol_1995,1.3112098
mol_1996,0.77856994
mol_1997,3.6484516
mol_1998,-0.08852863
mol_1999,0.86934114
mol_2000,2.2892804
mol_2001,2.6417146
mol_2002,1.6460192
mol_2003,3.8223138
mol_2004,5.4141755
mol_2005,1.5385586
mol_2006,2.3335276
mol_2007,4.506516
mol_2008,3.3949823
mol_2009,6.2012577
mol_2010,4.3424063
mol_2011,2.8030524
mol_2012,2.5630872
mol_2013,3.3494182
mol_2014,2.6266396
mol_2015,2.1158607
mol_2016,3.272565
mol_2017,3.4029446
mol_2018,2.5279298
mol_2019,3.2270584
mol_2020,2.804803
mol_2021,4.047546
mol_2022,2.2800164
mol_2023,2.629767
mol_2024,5.373437
mol_2025,4.0852647
mol_2026,4.0070662
mol_2027,0.10288739
mol_2028,3.889337
mol_2029,3.8523057
mol_2030,2.8134637
mol_2031,2.8775778
mol_2032,1.938716
mol_2033,1.9789519
mol_2034,2.461358
mol_2035,1.5697231
mol_2036,1.4362955
mol_2037,3.79638
mol_2038,1.2753154
mol_2039,3.2277236
mol_2040,2.2154953
mol_2041,2.5379205
mol_2042,2.2184424
mol_2043,4.04398
mol_2044,1.4599072
mol_2045,4.970006
mol_2046,1.9749672
mol_2047,2.5937953
mol_2048,1.969805
mol_2049,4.2857614
mol_2050,5.4733486
mol_2051,3.1529179
mol_2052,2.590782
mol_2053,2.227328
mol_2054,3.1847715
mol_2055,1.498169
mol_2056,2.6247895
mol_2057,3.9496279
mol_2058,4.689323
mol_2059,7.0067344
mol_2060,-0.099624395
mol_2061,2.3264267
mol_2062,1.8213993
mol_2063,1.1787767
mol_2064,3.0514176
mol_2065,3.5863671
mol_2066,2.335784
mol_2067,4.7778196
mol_2068,2.889296
mol_2069,1.7311401
mol_2070,1.5384116
mol_2071,2.8964002
mol_2072,2.6257913
mol_2073,3.4705374
mol_2074,1.5989387
mol_2075,2.1262755
mol_2076,5.612108
mol_2077,3.188747
mol_2078,1.4005151
mol_2079,1.9985492
mol_2080,1.6686133
mol_2081,1.1632863
mol_2082,3.074258
mol_2083,1.9750478
mol_2084,1.530557
mol_2085,2.1246376
mol_2086,0.8362936
mol_2087,2.2131054
mol_2088,5.8887615
mol_2089,0.9272139
mol_2090,4.185458
mol_2091,1.1965275
mol_2092,3.493021
mol_2093,3.9378624
mol_2094,1.1040183
mol_2095,3.6658306
mol_2096,4.5970774
mol_2097,1.0643104
mol_2098,1.9519457
mol_2099,0.6405138
mol_2100,4.3316627
mol_2101,1.4174932
mol_2102,1.9758108
mol_2103,4.000846
mol_2104,2.086072
mol_2105,1.5130396
mol_2106,2.397259
mol_2107,1.8345536
mol_2108,2.8432062
mol_2109,3.238426
mol_2110,1.5161567
mol_2111,4.5013084
mol_2112,3.6266432
mol_2113,1.8673744
mol_2114,2.2725413
mol_2115,1.7214781
mol_2116,1.8921937
mol_2117,1.820014
mol_2118,1.6214676
mol_2119,4.121356
mol_2120,1.8799686
mol_2121,2.4292583
mol_2122,1.8811598
mol_2123,4.714568
mol_2124,2.4008775
mol_2125,0.83890676
mol_2126,2.0454884
mol_2127,2.4872456
mol_2128,5.000374
mol_2129,1.1406162
mol_2130,3.6590645
mol_2131,3.5576978
mol_2132,1.3922592
mol_2133,3.1271229
mol_2134,3.1420648
mol_2135,1.8121247
mol_2136,2.0338554
mol_2137,0.46212578
mol_2138,5.24771
mol_2139,2.133614
mol_2140,0.3083663
mol_2141,1.3115457
mol_2142,2.006091
mol_2143,5.238185
mol_2144,1.5248537
mol_2145,2.8911505
mol_2146,4.9026875
mol_2147,2.1264658
mol_2148,5.1184273
mol_2149,5.0211163
mol_2150,1.7492359
mol_2151,1.4100755
mol_2152,4.7977724
mol_2153,1.4181696
mol_2154,7.0596404
mol_2155,3.0375886
mol_2156,6.0384274
mol_2157,2.4876742
mol_2158,1.7721357
mol_2159,5.1036634
mol_2160,2.5883896
mol_2161,1.1163579
mol_2162,3.6931472
mol_2163,1.7648103
mol_2164,2.5504358
mol_2165,5.5443907
mol_2166,2.8043737
mol_2167,4.1601734
mol_2168,5.893752
mol_2169,2.7691002
mol_2170,1.3502377
mol_2171,0.26842713
mol_2172,1.9687027
mol_2173,3.8834531
mol_2174,2.1697598
mol_2175,3.368225
mol_2176,2.5331666
mol_2177,5.0524273
mol_2178,4.128885
mol_2179,4.2729263
mol_2180,2.1230845
mol_2181,1.3975382
mol_2182,1.2156681
mol_2183,1.6476941
mol_2184,2.0365295
mol_2185,0.14103842
mol_2186,4.0771837
mol_2187,2.604729
mol_2188,1.6554253
mol_2189,1.6666832
mol_2190,2.7948632
mol_2191,3.7305713
mol_2192,3.017889
mol_2193,4.3705063
mol_2194,2.0135136
mol_2195,1.3890473
mol_2196,4.449218
mol_2197,4.4092426
mol_2198,2.3624241
mol_2199,2.3046467
mol_2200,1.7743013
mol_2201,1.7735372
mol_2202,4.697764
mol_2203,5.403555
mol_2204,2.0135813
mol_2205,4.637004
mol_2206,1.7115188
mol_2207,3.1518083
mol_2208,0.65115774
mol_2209,3.7031813
mol_2210,3.571175
mol_2211,1.8661532
mol_2212,4.188502
mol_2213,1.7094905
mol_2214,4.3253393
mol_2215,2.6521823
mol_2216,1.5417619
mol_2217,2.004884
mol_2218,0.5001409
mol_2219,4.3313746
mol_2220,2.4680514
mol_2221,2.0020208
mol_2222,1.4457
mol_2223,1.4818184
mol_2224,0.99581146
mol_2225,3.0779867
mol_2226,1.5800275
mol_2227,0.49218488
mol_2228,2.4574294
mol_2229,3.4087212
mol_2230,3.782526
mol_2231,1.2712075
mol_2232,4.084532
mol_2233,2.7942715
mol_2234,4.1347356
mol_2235,3.1882427
mol_2236,1.9351587
mol_2237,2.2793975
mol_2238,2.911693
mol_2239,4.426902
mol_2240,2.117494
mol_2241,5.295726
mol_2242,3.8593192
mol_2243,1.5722355
mol_2244,2.180624
mol_2245,1.9023288
mol_2246,4.7481666
mol_2247,3.4598665
mol_2248,1.1512868
mol_2249,3.9131737
mol_2250,4.6602125
mol_2251,6.0370913
mol_2252,0.6035365
mol_2253,1.505914
mol_2254,4.5511913
mol_2255,1.2760159
mol_2256,3.9144979
mol_2257,2.5824327
mol_2258,1.6596844
mol_2259,2.2710416
mol_2260,2.1505811
mol_2261,2.732878
mol_2262,1.6328326
mol_2263,2.7306774
mol_2264,1.9805787
mol_2265,1.8542181
mol_2266,1.4626758
mol_2267,2.866263
mol_2268,2.6136076
mol_2269,1.2879548
mol_2270,4.843482
mol_2271,2.1895566
mol_2272,4.2430997
mol_2273,2.8091476
mol_2274,2.321008
mol_2275,2.5416594
mol_2276,1.1437722
mol_2277,4.0283976
mol_2278,1.9851332
mol_2279,2.5095916
mol_2280,1.4852777
mol_2281,1.4410616
mol_2282,2.563816
mol_2283,3.3997197
mol_2284,0.18598437
mol_2285,5.658227
mol_2286,2.816345
mol_2287,2.6246493
mol_2288,4.897105
mol_2289,1.395868
mol_2290,3.1168928
mol_2291,4.7811575
mol_2292,1.6591454
mol_2293,1.8881657
mol_2294,1.7037308
mol_2295,1.4193333
mol_2296,0.81691
mol_2297,2.2572162
mol_2298,2.5335362
mol_2299,1.9318705
mol_2300,4.5080113
mol_2301,1.5328788
mol_2302,2.2710118
mol_2303,2.9515018
mol_2304,3.1854727
mol_2305,2.7855794
mol_2306,0.9426273
mol_2307,1.4007547
mol_2308,0.44794273
mol_2309,4.1829014
mol_2310,4.0704365
mol_2311,1.8890771
mol_2312,2.3516247
mol_2313,3.3608527
mol_2314,4.740324
mol_2315,3.3455915
mol_2316,2.6677585
mol_2317,4.4654994
mol_2318,1.9939377
mol_2319,3.1564138
mol_2320,1.9019265
mol_2321,7.7213683
mol_2322,3.6964407
mol_2323,3.419875
mol_2324,0.11861658
mol_2325,4.1334987
mol_2326,2.7719827
mol_2327,2.914114
mol_2328,4.3113365
mol_2329,4.5803385
mol_2330,1.5668749
mol_2331,4.4939036
mol_2332,4.192444
mol_2333,1.3617946
mol_2334,5.9119854
mol_2335,2.5079024
mol_2336,4.271924
mol_2337,1.189648
mol_2338,4.636184
mol_2339,2.3421974
mol_2340,2.7471278
mol_2341,1.1089184
mol_2342,3.7458782
mol_2343,1.7016904
mol_2344,1.2047675
mol_2345,2.8207319
mol_2346,1.7662506
mol_2347,1.8796473
mol_2348,4.9609194
mol_2349,4.0781245
mol_2350,3.1491432
mol_2351,1.9410775
mol_2352,2.3174381
mol_2353,2.5016623
mol_2354,3.0240564
mol_2355,1.4856836
mol_2356,2.4582458
mol_2357,2.8312998
mol_2358,2.6714911
mol_2359,1.9312881
mol_2360,4.4841647
mol_2361,2.286683
mol_2362,5.6403084
mol_2363,2.7778366
mol_2364,1.9807401
mol_2365,1.9111421
mol_2366,1.733474
mol_2367,4.529714
mol_2368,5.9599714
mol_2369,1.21347
mol_2370,1.090359
mol_2371,1.0539218
mol_2372,2.8813462
mol_2373,3.464751
mol_2374,1.8034818
mol_2375,3.976097
mol_2376,1.9477372
mol_2377,2.218665
mol_2378,5.465029
mol_2379,2.288663
mol_2380,1.9747427
mol_2381,3.1954756
mol_2382,2.2668393
mol_2383,2.7087672
mol_2384,1.146373
mol_2385,1.3572637
mol_2386,2.9894543
mol_2387,1.573656
mol_2388,3.8194273
mol_2389,3.5442734
mol_2390,3.2156687
mol_2391,3.0422919
mol_2392,3.8888316
mol_2393,4.096068
mol_2394,4.7664804
mol_2395,1.3941166
mol_2396,1.4678856
mol_2397,2.0090156
mol_2398,1.2007706
mol_2399,1.8780847
mol_2400,1.6400514
mol_2401,4.8213854
mol_2402,4.0998225
mol_2403,3.9899154
mol_2404,0.96978116
mol_2405,1.7242974
mol_2406,1.0064496
mol_2407,3.7835355
mol_2408,2.9211454
mol_2409,3.696896
mol_2410,4.6491694
mol_2411,1.703701
mol_2412,1.3885424
mol_2413,2.1489034
mol_2414,2.7829535
mol_2415,1.0229094
mol_2416,3.4298496
mol_2417,4.1276927
mol_2418,1.8353088
mol_2419,2.0303123
mol_2420,-0.16606975
mol_2421,1.5155238
mol_2422,4.3596506
mol_2423,1.9640415
mol_2424,4.18401
mol_2425,3.1709135
mol_2426,2.8222048
mol_2427,1.7808621
mol_2428,3.6187978
mol_2429,4.132981
mol_2430,1.5645958
mol_2431,1.6240643
mol_2432,4.008521
mol_2433,3.4456646
mol_2434,3.8034115
mol_2435,0.9197999
mol_2436,2.829359
mol_2437,5.7819533
mol_2438,1.6386975
mol_2439,3.2967086
mol_2440,0.7889321
mol_2441,0.7280866
mol_2442,3.899138
mol_2443,2.9373527
mol_2444,1.6843166
mol_2445,2.5450144
mol_2446,4.850029
mol_2447,2.4476612
mol_2448,2.4607172
mol_2449,5.419285
mol_2450,0.097803354
mol_2451,3.8186939
mol_2452,2.0907123
mol_2453,2.8707588
mol_2454,1.6589315
mol_2455,3.9968967
mol_2456,2.1469634
mol_2457,1.2078843
mol_2458,1.520093
mol_2459,1.5892555
mol_2460,1.4362957
mol_2461,1.7971194
mol_2462,1.359887
mol_2463,5.5853243
mol_2464,0.6487032
mol_2465,3.583657
mol_2466,2.0685613
mol_2467,1.6923351
mol_2468,3.6208806
mol_2469,1.7255898
mol_2470,1.3776698
mol_2471,1.5357585
mol_2472,5.49077
mol_2473,2.3241599
mol_2474,4.0677767
mol_2475,3.565121
mol_2476,1.8448398
mol_2477,2.7432535
mol_2478,1.3782827
mol_2479,1.1186155
mol_2480,2.0812964
mol_2481,1.2157112
mol_2482,1.4520289
mol_2483,3.7748528
mol_2484,1.997035
mol_2485,3.3459966
mol_2486,4.522475
mol_2487,1.8692261
mol_2488,3.781059
mol_2489,2.590073
mol_2490,1.7717985
mol_2491,1.2729406
mol_2492,1.814744
mol_2493,2.4977047
mol_2494,2.2370722
mol_2495,0.16462636
mol_2496,2.1371105
mol_2497,-0.0028111935
mol_2498,5.0097694
mol_2499,2.073277
mol_2500,4.099862
mol_2501,1.143377
mol_2502,4.729491
mol_2503,2.0449202
mol_2504,2.8889425
mol_2505,2.5354893
mol_2506,2.897778
mol_2507,1.8706396
mol_2508,1.6477407
mol_2509,1.7544391
mol_2510,0.83060634
mol_2511,2.7416427
mol_2512,1.5222051
mol_2513,1.0546196
mol_2514,1.5247369
mol_2515,2.0540574
mol_2516,5.6787033
mol_2517,1.6353167
mol_2518,2.9558914
mol_2519,1.4064369
mol_2520,0.959082
mol_2521,1.734873
mol_2522,2.5079348
mol_2523,0.28031683
mol_2524,2.5726233
mol_2525,3.1773224
mol_2526,1.5984426
mol_2527,2.6185956
mol_2528,3.5636
mol_2529,5.3813667
mol_2530,3.7952652
mol_2531,3.2342117
mol_2532,2.8471437
mol_2533,1.2492292
mol_2534,1.1016855
mol_2535,1.6354747
mol_2536,1.6418109
mol_2537,2.2599514
mol_2538,1.4427909
mol_2539,5.540408
mol_2540,1.8928957
mol_2541,1.9310217
mol_2542,1.7939312
mol_2543,2.6643908
mol_2544,4.5278044
mol_2545,1.53907
mol_2546,2.1804826
mol_2547,2.612012
mol_2548,3.6577392
mol_2549,1.5391726
mol_2550,3.215222
mol_2551,1.0862734
mol_2552,2.5384831
mol_2553,3.9583418
mol_2554,2.1744542
mol_2555,1.7906866
mol_2556,1.5509253
mol_2557,3.6913264
mol_2558,2.1569204
mol_2559,2.301755
mol_2560,1.1980997
mol_2561,1.7061877
mol_2562,2.0682523
mol_2563,1.0153226
mol_2564,2.8835704
mol_2565,2.3034503
mol_2566,1.5816905
mol_2567,3.962376
mol_2568,0.47399044
mol_2569,5.704535
mol_2570,3.8504462
mol_2571,5.2020493
mol_2572,1.9059753
mol_2573,0.7163762
mol_2574,3.3216898
mol_2575,1.956362
mol_2576,2.7200816
mol_2577,0.25466847
mol_2578,1.6375561
mol_2579,1.5950979
mol_2580,2.328189
mol_2581,2.8247228
mol_2582,3.9749718
mol_2583,3.5410972
mol_2584,2.109129
mol_2585,5.042333
mol_2586,3.575627
mol_2587,3.0439372
mol_2588,3.6797953
mol_2589,1.9236116
mol_2590,3.8934102
mol_2591,1.3264432
mol_2592,4.3086095
mol_2593,1.6382161
mol_2594,2.6230755
mol_2595,0.7237271
mol_2596,1.7723324
mol_2597,3.4921129
mol_2598,1.0839846
mol_2599,1.1649337
mol_2600,3.9944284
mol_2601,1.8872176
mol_2602,0.9798031
mol_2603,2.1348217
mol_2604,4.0251966
mol_2605,1.1841915
mol_2606,6.1278644
mol_2607,2.1959548
mol_2608,4.2853556
mol_2609,4.6713176
mol_2610,1.3519518
mol_2611,2.39103
mol_2612,2.7167957
mol_2613,1.7970989
mol_2614,3.8703358
mol_2615,0.14677286
mol_2616,1.287024
mol_2617,1.6124437
mol_2618,2.149061
mol_2619,4.956318
mol_2620,0.25940657
mol_2621,1.4723909
mol_2622,4.884109
mol_2623,0.69228935
mol_2624,5.5704937
mol_2625,3.8988786
mol_2626,3.2635345
mol_2627,0.1905098
mol_2628,1.886951
mol_2629,3.5769265
mol_2630,2.0792446
mol_2631,3.8979495
mol_2632,2.2348113
mol_2633,1.7243283
mol_2634,2.4916646
mol_2635,1.6533282
mol_2636,4.104556
mol_2637,0.389261
mol_2638,3.307744
mol_2639,5.6213217
mol_2640,1.8962698
mol_2641,4.7538204
mol_2642,2.3935335
mol_2643,1.3911804
mol_2644,1.58499
mol_2645,0.40654492
mol_2646,3.7499979
mol_2647,2.3764455
mol_2648,4.5052786
mol_2649,4.035866
mol_2650,3.5273552
mol_2651,2.4101398
mol_2652,2.1211936
mol_2653,1.9013433
mol_2654,1.7476522
mol_2655,4.3635645
mol_2656,1.7146779
mol_2657,1.5391897
mol_2658,0.55508995
mol_2659,4.936512
mol_2660,2.1879604
mol_2661,5.13717
mol_2662,1.6593263
mol_2663,1.1409756
mol_2664,3.4113305
mol_2665,3.4577167
mol_2666,2.7476983
mol_2667,1.5919459
mol_2668,1.6883299
mol_2669,4.570241
mol_2670,2.2585819
mol_2671,1.9989526
mol_2672,3.3988593
mol_2673,0.30054379
mol_2674,1.4264033
mol_2675,3.6268044
mol_2676,1.3890901
mol_2677,1.5991688
mol_2678,2.0620694
mol_2679,1.859685
mol_2680,2.0504248
mol_2681,2.04391
mol_2682,2.9699411
mol_2683,1.1371156
mol_2684,1.341737
mol_2685,1.6090281
mol_2686,1.1732178
mol_2687,0.30743074
mol_2688,1.8804879
mol_2689,3.874939
mol_2690,1.525884
mol_2691,4.7146754
mol_2692,1.7232947
mol_2693,2.2180157
mol_2694,4.1866007
mol_2695,2.8506093
mol_2696,1.8181736
mol_2697,1.5295725
mol_2698,2.4412723
mol_2699,3.566741
mol_2700,2.3831184
mol_2701,5.0020304
mol_2702,5.088106
mol_2703,1.0106094
mol_2704,5.072702
mol_2705,1.7724926
mol_2706,1.639631
mol_2707,4.1444564
mol_2708,4.431376
mol_2709,3.4871247
mol_2710,3.7133574
mol_2711,3.9085946
mol_2712,1.7649763
mol_2713,1.6459686
mol_2714,1.456177
mol_2715,4.805627
mol_2716,4.2391076
mol_2717,2.680272
mol_2718,3.077625
mol_2719,2.1217673
mol_2720,0.8687546
mol_2721,0.34794497
mol_2722,2.1030953
mol_2723,2.928413
mol_2724,2.104442
mol_2725,4.0234485
mol_2726,0.57874703
mol_2727,0.22726536
mol_2728,3.0287907
mol_2729,4.7710457
mol_2730,2.5204606
mol_2731,3.8028517
mol_2732,1.7183288
mol_2733,1.3394129
mol_2734,4.76391
mol_2735,1.3243132
mol_2736,5.6343293
mol_2737,4.3598967
mol_2738,5.3900537
mol_2739,3.7785716
mol_2740,4.234669
mol_2741,2.4909687
mol_2742,3.0014281
mol_2743,5.152069
mol_2744,1.2522722
mol_2745,2.0125148
mol_2746,2.9791842
mol_2747,0.7357813
mol_2748,2.384336
mol_2749,3.1358597
mol_2750,1.5939698
mol_2751,2.8688636
mol_2752,6.397033
mol_2753,1.9647104
mol_2754,0.93352973
mol_2755,3.6883674
mol_2756,4.320409
mol_2757,2.6144931
mol_2758,2.0524144
mol_2759,4.533724
mol_2760,5.2119603
mol_2761,3.8710394
mol_2762,1.7940685
mol_2763,1.4148438
mol_2764,1.7721374
mol_2765,2.8694868
mol_2766,1.3258034
mol_2767,1.1765044
mol_2768,1.5642467
mol_2769,3.2015285
mol_2770,2.8405733
mol_2771,0.8170184
mol_2772,1.3844166
mol_2773,5.1206665
mol_2774,1.295383
mol_2775,1.6187265
mol_2776,5.0529604
mol_2777,2.3292983
mol_2778,3.7939534
mol_2779,4.115934
mol_2780,1.4745408
mol_2781,3.4239812
mol_2782,1.702495
mol_2783,0.47090793
mol_2784,0.81551194
mol_2785,1.4810255
mol_2786,3.3207912
mol_2787,1.2319202
mol_2788,0.9510701
mol_2789,2.8917267
mol_2790,1.1990415
mol_2791,2.3644733
mol_2792,2.3415985
mol_2793,1.3252835
mol_2794,0.49229336
mol_2795,1.134359
mol_2796,0.22958684
mol_2797,1.4722414
mol_2798,2.2963743
mol_2799,1.7507312
mol_2800,2.5904303
mol_2801,1.9284009
mol_2802,4.7828364
mol_2803,1.1943564
mol_2804,3.1329684
mol_2805,3.5578752
mol_2806,2.173252
mol_2807,3.3321667
mol_2808,3.2324467
mol_2809,0.42695594
mol_2810,1.4964794
mol_2811,1.7309458
mol_2812,4.1700544
mol_2813,4.00605
mol_2814,2.6200655
mol_2815,2.6521058
mol_2816,4.520912
mol_2817,2.6050746
mol_2818,2.3166232
mol_2819,2.8427076
mol_2820,2.0365887
mol_2821,4.586361
mol_2822,1.5978594
mol_2823,2.4387789
mol_2824,1.3941432
mol_2825,1.7363487
mol_2826,1.5834101
mol_2827,2.6791294
mol_2828,4.365358
mol_2829,1.2036813
mol_2830,0.64728606
mol_2831,1.4068618
mol_2832,1.026254
mol_2833,0.86058974
mol_2834,1.9466996
mol_2835,2.5972605
mol_2836,0.29019475
mol_2837,4.661184
mol_2838,2.047569
mol_2839,2.610234
mol_2840,2.1977744
mol_2841,1.6407218
mol_2842,4.575312
mol_2843,4.2766333
mol_2844,1.5891964
mol_2845,3.85567
mol_2846,1.4752405
mol_2847,2.6541166
mol_2848,1.4051149
mol_2849,2.020025
mol_2850,2.7300282
mol_2851,2.4035058
mol_2852,3.1986277
mol_2853,1.8223289
mol_2854,2.9563472
mol_2855,0.62545276
mol_2856,1.3624614
mol_2857,3.9251757
mol_2858,3.7553213
mol_2859,3.014735
mol_2860,1.1434413
mol_2861,0.772526
mol_2862,3.730485
mol_2863,1.0441761
mol_2864,4.9482293
mol_2865,2.9356437
mol_2866,4.3209524
mol_2867,1.1268861
mol_2868,2.244536
mol_2869,2.7982373
mol_2870,1.2242057
mol_2871,0.88748896
mol_2872,2.829515
mol_2873,1.5246515
mol_2874,2.7899928
mol_2875,1.9085367
mol_2876,1.6769007
mol_2877,1.772083
mol_2878,3.7072024
mol_2879,1.4359996
mol_2880,1.46788
mol_2881,0.46267796
mol_2882,1.9591725
mol_2883,2.3404474
mol_2884,4.476839
mol_2885,4.768755
mol_2886,2.1555352
mol_2887,1.654265
mol_2888,2.3014383
mol_2889,2.8061945
mol_2890,4.3723955
mol_2891,1.7229053
mol_2892,1.4229777
mol_2893,2.4582694
mol_2894,7.0847516
mol_2895,4.570562
mol_2896,0.0195961
mol_2897,2.068255
mol_2898,3.4246392
mol_2899,3.4916544
mol_2900,1.9677455
mol_2901,2.3054123
mol_2902,1.360037
mol_2903,0.5239887
mol_2904,3.0060775
mol_2905,5.130226
mol_2906,2.0896327
mol_2907,2.6561897
mol_2908,4.716508
mol_2909,2.5801766
mol_2910,1.6338992
mol_2911,1.5749564
mol_2912,1.5884246
mol_2913,1.7083555
mol_2914,2.5693905
mol_2915,3.4445295
mol_2916,2.388434
mol_2917,2.865846
mol_2918,5.648902
mol_2919,1.8329632
mol_2920,1.7277801
mol_2921,2.3564332
mol_2922,1.7417738
mol_2923,1.2713869
mol_2924,2.5768309
mol_2925,0.89342403
mol_2926,2.7827
mol_2927,3.1407952
mol_2928,1.4907563
mol_2929,3.3245573
mol_2930,6.5676517
mol_2931,3.6486378
mol_2932,1.5252274
mol_2933,1.9758146
mol_2934,4.6471186
mol_2935,0.11341834
mol_2936,3.4855497
mol_2937,1.2968042
mol_2938,1.409882
mol_2939,2.3408248
mol_2940,3.647523
mol_2941,-0.046150208
mol_2942,1.3336614
mol_2943,3.5129147
mol_2944,3.153572
mol_2945,1.8163066
mol_2946,1.2666671
mol_2947,1.5844493
mol_2948,0.2595501
mol_2949,4.19261
mol_2950,2.5834935
mol_2951,2.1127338
mol_2952,4.3823223
mol_2953,5.076192
mol_2954,1.9171841
mol_2955,5.062153
mol_2956,3.1907504
mol_2957,2.9217982
mol_2958,1.7531276
mol_2959,3.0835524
mol_2960,2.7174268
mol_2961,1.7700613
mol_2962,2.571938
mol_2963,2.7692106
mol_2964,2.436129
mol_2965,1.4750206
mol_2966,0.74957824
mol_2967,5.354371
mol_2968,3.2656927
mol_2969,2.1197288
mol_2970,3.8424792
mol_2971,3.0794983
mol_2972,1.4790967
mol_2973,1.8374527
mol_2974,3.779272
mol_2975,2.9766388
mol_2976,1.238899
mol_2977,1.2062802
mol_2978,1.4303015
mol_2979,0.5388181
mol_2980,3.931548
mol_2981,1.7309952
mol_2982,2.3749402
mol_2983,0.9601308
mol_2984,1.8179758
mol_2985,2.0808477
mol_2986,2.112784
mol_2987,2.1279247
mol_2988,2.2337704
mol_2989,2.7563329
mol_2990,1.814056
mol_2991,4.8713756
mol_2992,3.1238759
mol_2993,3.7140503
mol_2994,2.656703
mol_2995,1.997834
mol_2996,0.9177383
mol_2997,1.5976136
mol_2998,3.0995972
mol_2999,4.193004
mol_3000,2.87974
mol_3001,1.2588586
mol_3002,2.3873491
mol_3003,1.8809972
mol_3004,1.0513501
mol_3005,2.970199
mol_3006,1.2376435
mol_3007,3.6123376
mol_3008,0.29507756
mol_3009,3.965389
mol_3010,3.4910288
mol_3011,2.7459936
mol_3012,1.744043
mol_3013,3.5343075
mol_3014,4.217605
mol_3015,3.313269
mol_3016,4.849364
mol_3017,2.5935733
mol_3018,5.1051774
mol_3019,1.0677494
mol_3020,2.2705283
mol_3021,2.1068852
mol_3022,2.5435073
mol_3023,3.7779474
mol_3024,4.5768776
mol_3025,1.3825291
mol_3026,3.1282616
mol_3027,1.5284404
mol_3028,2.5949893
mol_3029,2.5936277
mol_3030,1.9147149
mol_3031,2.0417566
mol_3032,1.7499918
mol_3033,1.2721623
mol_3034,2.0524693
mol_3035,1.5655941
mol_3036,1.7795764
mol_3037,5.237235
mol_3038,4.062648
mol_3039,2.6536849
mol_3040,7.002485
mol_3041,1.5438728
mol_3042,0.8498231
mol_3043,2.6940653
mol_3044,3.412117
mol_3045,1.6912949
mol_3046,0.3370514
mol_3047,2.0722868
mol_3048,4.8095436
mol_3049,1.819768
mol_3050,0.6943985
mol_3051,3.6421938
mol_3052,3.7777596
mol_3053,3.5454688
mol_3054,2.310728
mol_3055,2.6683378
mol_3056,2.9315345
mol_3057,4.63164
mol_3058,0.6029259
mol_3059,3.0293846
mol_3060,1.931942
mol_3061,5.115354
mol_3062,4.7497063
mol_3063,3.5320082
mol_3064,1.7666779
mol_3065,1.9717689
mol_3066,0.8691088
mol_3067,2.631727
mol_3068,1.31641
mol_3069,4.534048
mol_3070,2.4445603
mol_3071,1.806251
mol_3072,2.3481274
mol_3073,4.610927
mol_3074,2.644406
mol_3075,0.6844176
mol_3076,1.5921986
mol_3077,2.364824
mol_3078,2.2214637
mol_3079,1.6720786
mol_3080,0.9116087
mol_3081,0.78719807
mol_3082,1.1565516
mol_3083,0.5084796
mol_3084,1.0000213
mol_3085,1.766679
mol_3086,2.5039656
mol_3087,0.76838744
mol_3088,0.26600695
mol_3089,1.3827635
mol_3090,1.678602
mol_3091,2.6164696
mol_3092,1.589479
mol_3093,3.2138474
mol_3094,3.0232496
mol_3095,3.3985736
mol_3096,3.2614026
mol_3097,1.6471196
mol_3098,4.313337
mol_3099,0.29020286
mol_3100,1.5010402
mol_3101,2.1033442
mol_3102,5.5621758
mol_3103,1.7828243
mol_3104,0.5535443
mol_3105,2.4867427
mol_3106,3.395153
mol_3107,1.6876881
mol_3108,1.3769207
mol_3109,2.6588204
mol_3110,1.2041094
mol_3111,1.6290872
mol_3112,2.9281228
mol_3113,4.0695076
mol_3114,1.6006699
mol_3115,3.209659
mol_3116,3.3816419
mol_3117,3.798638
mol_3118,1.6257808
mol_3119,1.889268
mol_3120,2.4360762
mol_3121,1.1370834
mol_3122,1.8074322
mol_3123,1.4484768
mol_3124,1.392833
mol_3125,1.4534725
mol_3126,0.8065728
mol_3127,1.5120659
mol_3128,3.278805
mol_3129,1.584552
mol_3130,2.874987
mol_3131,2.6560614
mol_3132,3.9515033
mol_3133,2.0376883
mol_3134,3.1803005
mol_3135,2.7932706
mol_3136,1.2026612
mol_3137,1.2504354
mol_3138,0.4015658
mol_3139,2.202616
mol_3140,3.6646094
mol_3141,0.62069106
mol_3142,2.4156945
mol_3143,4.6718464
mol_3144,3.7669582
mol_3145,2.611819
mol_3146,2.9149227
mol_3147,4.5937476
mol_3148,2.2643712
mol_3149,2.8773992
mol_3150,0.51365423
mol_3151,3.684884
mol_3152,2.575052
mol_3153,3.9420264
mol_3154,3.4899545
mol_3155,4.8659177
mol_3156,4.030573
mol_3157,1.6973741
mol_3158,1.6161892
mol_3159,1.2862778
mol_3160,0.7447736
mol_3161,4.307603
mol_3162,0.11192489
mol_3163,2.0682244
mol_3164,1.1627827
mol_3165,1.6086485
mol_3166,5.8098974
mol_3167,2.6536806
mol_3168,4.3822885
mol_3169,1.5201384
mol_3170,3.8557036
mol_3171,2.2203941
mol_3172,1.7208539
mol_3173,1.1499499
mol_3174,2.9408207
mol_3175,3.940675
mol_3176,5.2703943
mol_3177,2.0118737
mol_3178,0.24728942
mol_3179,3.3787746
mol_3180,4.307307
mol_3181,1.1723108
mol_3182,3.2368894
mol_3183,2.1248286
mol_3184,1.6393952
mol_3185,3.1645885
mol_3186,0.35493088
mol_3187,2.1001372
mol_3188,3.0337691
mol_3189,3.5693054
mol_3190,1.1145952
mol_3191,3.07211
mol_3192,4.592538
mol_3193,2.8088403
mol_3194,2.9801807
mol_3195,1.8682616
mol_3196,2.1695857
mol_3197,1.4624951
mol_3198,1.8024873
mol_3199,2.0479264
mol_3200,1.699068
mol_3201,1.455322
mol_3202,3.5476327
mol_3203,1.233222
mol_3204,1.3941845
mol_3205,1.2639749
mol_3206,2.4684103
mol_3207,1.5514424
mol_3208,2.6140637
mol_3209,0.9715233
mol_3210,2.0417142
mol_3211,1.8932037
mol_3212,1.9416616
mol_3213,2.7391906
mol_3214,1.9058545
mol_3215,5.6868258
mol_3216,4.4420214
mol_3217,2.60917
mol_3218,3.405533
mol_3219,2.9333441
mol_3220,2.0838928
mol_3221,2.7741272
mol_3222,1.5260309
mol_3223,1.5657082
mol_3224,1.296828
mol_3225,2.2397761
mol_3226,1.9030769
mol_3227,2.9605613
mol_3228,3.277707
mol_3229,2.0978425
mol_3230,3.0212893
mol_3231,5.23572
mol_3232,4.2351136
mol_3233,1.5794642
mol_3234,1.2000728
mol_3235,4.717703
mol_3236,3.0398624
mol_3237,2.3044267
mol_3238,1.4231652
mol_3239,3.1860383
mol_3240,3.9470203
mol_3241,1.4235278
mol_3242,1.7314625
mol_3243,1.0959554
mol_3244,2.7957745
mol_3245,2.3053944
mol_3246,1.7037165
mol_3247,2.6197908
mol_3248,1.8973572
mol_3249,1.6439809
mol_3250,4.963826
mol_3251,6.8593554
mol_3252,0.42051554
mol_3253,4.30783
mol_3254,1.8180969
mol_3255,2.517608
mol_3256,3.020416
mol_3257,1.7428313
mol_3258,2.5171225
mol_3259,4.645479
mol_3260,2.3895133
mol_3261,1.126466
mol_3262,2.3029227
mol_3263,2.1870894
mol_3264,1.1456988
mol_3265,3.2852912
mol_3266,2.1289203
mol_3267,4.589528
mol_3268,4.009548
mol_3269,2.5478446
mol_3270,3.4032085
mol_3271,1.9459414
mol_3272,2.5302906
mol_3273,1.7589383
mol_3274,0.25229073
mol_3275,2.4379573
mol_3276,3.0296443
mol_3277,1.8890171
mol_3278,3.6143775
mol_3279,4.5798
mol_3280,3.381347
mol_3281,1.8467686
mol_3282,1.2264109
mol_3283,2.5316901
mol_3284,2.2381568
mol_3285,1.2485586
mol_3286,2.9770963
mol_3287,4.8401203
mol_3288,1.9658082
mol_3289,4.3021827
mol_3290,1.5390652
mol_3291,4.900196
mol_3292,1.3684982
mol_3293,4.448769
mol_3294,3.8436527
mol_3295,1.479813
mol_3296,1.3048788
mol_3297,2.0799594
mol_3298,2.4891267
mol_3299,1.7045465
mol_3300,1.9417411
mol_3301,3.9723463
mol_3302,4.0739326
mol_3303,2.955593
mol_3304,2.8401845
mol_3305,3.263452
mol_3306,2.87031
mol_3307,1.6350913
mol_3308,0.99180007
mol_3309,1.620009
mol_3310,1.4524181
mol_3311,3.853838
mol_3312,3.417072
mol_3313,1.6131496
mol_3314,0.95465827
mol_3315,2.8415987
mol_3316,3.118852
mol_3317,2.855706
mol_3318,5.825613
mol_3319,1.8955197
mol_3320,3.486474
mol_3321,3.0562508
mol_3322,3.7594562
mol_3323,0.13882923
mol_3324,1.7165053
mol_3325,1.9835682
mol_3326,3.4239585
mol_3327,1.7199149
mol_3328,2.3173168
mol_3329,-0.052900314
mol_3330,1.7539288
mol_3331,2.943922
mol_3332,0.07661414
mol_3333,0.61911464
mol_3334,2.0281475
mol_3335,2.112733
mol_3336,0.034020424
mol_3337,2.128791
mol_3338,0.30704474
mol_3339,4.0276017
mol_3340,1.4378036
mol_3341,3.3877594
mol_3342,4.8855567
mol_3343,1.3110366
mol_3344,7.783566
mol_3345,4.2147818
mol_3346,3.0701249
mol_3347,1.0005227
mol_3348,3.786168
mol_3349,4.187928
mol_3350,3.1841109
mol_3351,3.9111938
mol_3352,1.7549725
mol_3353,3.7477083
mol_3354,4.47636
mol_3355,4.65875
mol_3356,1.5382347
mol_3357,1.606046
mol_3358,1.5049996
mol_3359,2.1639853
mol_3360,0.9178382
mol_3361,2.7523627
mol_3362,4.1319175
mol_3363,2.7442548
mol_3364,2.9672632
mol_3365,6.244383
mol_3366,1.5600698
mol_3367,4.1945176
mol_3368,3.5206025
mol_3369,2.0196664
mol_3370,7.5514417
mol_3371,2.5222766
mol_3372,1.254421
mol_3373,1.8275793
mol_3374,0.76459384
mol_3375,2.1039674
mol_3376,3.5010853
mol_3377,4.287652
mol_3378,1.2670563
mol_3379,2.6618886
mol_3380,1.8988407
mol_3381,1.8088078
mol_3382,4.5732985
mol_3383,2.1383345
mol_3384,1.6264126
mol_3385,2.8379421
mol_3386,1.5083344
mol_3387,3.9443965
mol_3388,1.9062971
mol_3389,4.26075
mol_3390,4.2066298
mol_3391,3.2572803
mol_3392,1.3404921
mol_3393,4.6125765
mol_3394,3.9493313
mol_3395,1.9961762
mol_3396,2.5543194
mol_3397,1.9232358
mol_3398,1.8984702
mol_3399,4.700012
mol_3400,1.5514374
mol_3401,2.5040991
mol_3402,2.3288465
mol_3403,1.226878
mol_3404,2.38286
mol_3405,1.2546152
mol_3406,2.241723
mol_3407,2.2276425
mol_3408,2.2115202
mol_3409,5.840998
mol_3410,3.2510133
mol_3411,1.6767383
mol_3412,4.1184688
mol_3413,1.4180516
mol_3414,3.2005692
mol_3415,2.3251038
mol_3416,1.8975091
mol_3417,2.2376652
mol_3418,1.3901124
mol_3419,2.1035655
mol_3420,2.0407038
mol_3421,1.4734466
mol_3422,3.1963997
mol_3423,1.9623874
mol_3424,1.5781745
mol_3425,1.4416021
mol_3426,3.4151015
mol_3427,1.2510463
mol_3428,2.4282584
mol_3429,2.2413397
mol_3430,1.9611963
mol_3431,2.7829335
mol_3432,1.6364987
mol_3433,3.4666142
mol_3434,1.7019811
mol_3435,1.6338562
mol_3436,1.4576713
mol_3437,2.0053234
mol_3438,1.0452502
mol_3439,2.0264015
mol_3440,2.8321273
mol_3441,3.105075
mol_3442,2.6693125
mol_3443,1.5201943
mol_3444,2.279367
mol_3445,2.3569295
mol_3446,3.8412404
mol_3447,3.7511325
mol_3448,4.6289515
mol_3449,3.5755038
mol_3450,4.6606855
mol_3451,0.8747114
mol_3452,1.8745072
mol_3453,0.064416885
mol_3454,-0.10832715
mol_3455,0.93990445
mol_3456,3.9823923
mol_3457,3.6956222
mol_3458,3.011255
mol_3459,4.2286124
mol_3460,3.879528
mol_3461,1.5061226
mol_3462,0.48137665
mol_3463,0.86679757
mol_3464,4.445877
mol_3465,4.673665
mol_3466,2.5512528
mol_3467,2.883198
mol_3468,3.8948083
mol_3469,4.6661596
mol_3470,2.195997
mol_3471,2.6500728
mol_3472,3.7507362
mol_3473,2.216503
mol_3474,1.521764
mol_3475,2.9473937
mol_3476,3.111692
mol_3477,5.144252
mol_3478,2.8722515
mol_3479,2.0231793
mol_3480,2.1041007
mol_3481,2.0564454
mol_3482,-0.21180844
mol_3483,1.394726
mol_3484,3.1415992
mol_3485,1.339503
mol_3486,1.342517
mol_3487,3.4667857
mol_3488,1.8195032
mol_3489,3.2086442
mol_3490,4.6210446
mol_3491,1.6594057
mol_3492,2.3149035
mol_3493,2.3874834
mol_3494,2.776334
mol_3495,3.8876421
mol_3496,4.7131906
mol_3497,5.441737
mol_3498,2.4353006
mol_3499,2.5113144
mol_3500,1.6710274
mol_3501,0.8493285
mol_3502,4.732297
mol_3503,0.27438664
mol_3504,2.6626744
mol_3505,2.156818
mol_3506,2.2448773
mol_3507,1.9554338
mol_3508,4.4617248
mol_3509,1.2211981
mol_3510,4.013913
mol_3511,4.7680063
mol_3512,1.9401782
mol_3513,2.6473563
mol_3514,3.8189163
mol_3515,2.5933473
mol_3516,2.6450307
mol_3517,0.5449126
mol_3518,0.07240081
mol_3519,3.6914365
mol_3520,2.7574434
mol_3521,4.2704196
mol_3522,1.8926914
mol_3523,5.3183
mol_3524,1.4017217
mol_3525,1.4692333
mol_3526,1.0990258
mol_3527,2.9101624
mol_3528,2.0531037
mol_3529,1.4502454
mol_3530,1.6214985
mol_3531,2.9327302
mol_3532,3.1716459
mol_3533,2.1506019
mol_3534,1.8301501
mol_3535,1.4202435
mol_3536,1.9942107
mol_3537,5.1970396
mol_3538,1.5628151
mol_3539,2.7276092
mol_3540,2.1070445
mol_3541,1.6251713
mol_3542,1.6401407
mol_3543,1.0397515
mol_3544,1.06658
mol_3545,2.0357506
mol_3546,0.888783
mol_3547,3.1775002
mol_3548,4.1941605
mol_3549,4.469564
mol_3550,2.5131707
mol_3551,3.7065105
mol_3552,3.2305446
mol_3553,1.0314256
mol_3554,0.8794739
mol_3555,0.689873
mol_3556,2.5086403
mol_3557,1.8677917
mol_3558,2.9467983
mol_3559,4.002913
mol_3560,1.8421409
mol_3561,3.1361628
mol_3562,1.2753369
mol_3563,0.54830956
mol_3564,3.2108862
mol_3565,1.7832416
mol_3566,3.7255168
mol_3567,4.336405
mol_3568,2.5396163
mol_3569,3.4121866
mol_3570,2.6530976
mol_3571,1.287115
mol_3572,1.4871937
mol_3573,3.3191566
mol_3574,1.5011154
mol_3575,3.3342083
mol_3576,3.5192327
mol_3577,1.9616051
mol_3578,0.26067114
mol_3579,1.917686
mol_3580,1.6151675
mol_3581,1.1752381
mol_3582,2.8153577
mol_3583,2.1750886
mol_3584,3.3447514
mol_3585,2.969123
mol_3586,3.2290053
mol_3587,1.5408051
mol_3588,2.9236956
mol_3589,3.2614093
mol_3590,0.41203403
mol_3591,2.1044931
mol_3592,0.43076038
mol_3593,1.5061541
mol_3594,1.1810459
mol_3595,2.3678482
mol_3596,0.6003121
mol_3597,3.1730201
mol_3598,1.2185163
mol_3599,4.4163246
mol_3600,2.0730648
mol_3601,0.9521104
mol_3602,3.345231
mol_3603,1.9528564
mol_3604,3.3308887
mol_3605,2.5456834
mol_3606,3.5195312
mol_3607,1.1714913
mol_3608,1.7226202
mol_3609,4.434758
mol_3610,2.7647598
mol_3611,2.170848
mol_3612,5.6757545
mol_3613,2.5463724
mol_3614,1.4245614
mol_3615,4.5339336
mol_3616,4.3957105
mol_3617,6.8445477
mol_3618,0.5461588
mol_3619,1.7765675
mol_3620,2.494064
mol_3621,2.2796016
mol_3622,5.1337967
mol_3623,1.5340934
mol_3624,3.469037
mol_3625,2.8697655
mol_3626,4.6289787
mol_3627,1.7869022
mol_3628,1.4711845
mol_3629,3.5249443
mol_3630,1.7463404
mol_3631,3.522941
mol_3632,1.7004714
mol_3633,4.2888203
mol_3634,1.5319086
mol_3635,0.2789898
mol_3636,1.5334883
mol_3637,0.6882607
mol_3638,4.206745
mol_3639,4.482245
mol_3640,1.3371824
mol_3641,5.315965
mol_3642,2.7097614
mol_3643,2.7463558
mol_3644,3.7152882
mol_3645,1.5387634
mol_3646,4.8092294
mol_3647,0.532701
mol_3648,2.1451159
mol_3649,1.3123394
mol_3650,3.0520852
mol_3651,1.1185366
mol_3652,4.4816647
mol_3653,1.4097219
mol_3654,3.6618676
mol_3655,0.24339843
mol_3656,1.3844352
mol_3657,1.6458981
mol_3658,4.0323834
mol_3659,1.763917
mol_3660,5.908985
mol_3661,3.4967852
mol_3662,0.1631558
mol_3663,2.5622115
mol_3664,3.3237755
mol_3665,3.255007
mol_3666,5.051186
mol_3667,0.78852034
mol_3668,1.2129538
mol_3669,1.9962189
mol_3670,2.141089
mol_3671,1.4401857
mol_3672,5.965233
mol_3673,3.4173763
mol_3674,0.98631227
mol_3675,4.366048
mol_3676,1.8246214
mol_3677,1.8991487
mol_3678,1.2488354
mol_3679,5.154163
mol_3680,1.566034
mol_3681,2.5951374
mol_3682,2.48666
mol_3683,4.175671
mol_3684,3.3642411
mol_3685,1.9893577
mol_3686,2.4337873
mol_3687,4.4325256
mol_3688,3.654471
mol_3689,3.8730657
mol_3690,0.93706405
mol_3691,3.0227642
mol_3692,1.4544728
mol_3693,4.194159
mol_3694,3.8273242
mol_3695,3.0264726
mol_3696,1.1636356
mol_3697,3.4188547
mol_3698,1.1693174
mol_3699,0.36231685
mol_3700,2.103199
mol_3701,1.3287446
mol_3702,2.8676872
mol_3703,1.7154849
mol_3704,1.6122223
mol_3705,2.583959
mol_3706,1.0554619
mol_3707,2.153365
mol_3708,3.20294
mol_3709,2.1035585
mol_3710,1.3131596
mol_3711,1.9624727
mol_3712,0.90909183
mol_3713,3.260007
mol_3714,2.7958777
mol_3715,3.1922436
mol_3716,2.7173824
mol_3717,2.6853547
mol_3718,4.1809278
mol_3719,1.804231
mol_3720,4.1435785
mol_3721,2.5815966
mol_3722,1.2737764
mol_3723,1.7096732
mol_3724,3.752167
mol_3725,1.0919585
mol_3726,2.3810892
mol_3727,0.97849095
mol_3728,2.7703023
mol_3729,3.85437
mol_3730,1.8010612
mol_3731,1.2695917
mol_3732,3.4569714
mol_3733,1.7667513
mol_3734,2.5384116
mol_3735,2.105936
mol_3736,2.558368
mol_3737,1.0054035
mol_3738,2.1950839
mol_3739,4.557014
mol_3740,4.0091543
mol_3741,3.6595511
mol_3742,2.8232603
mol_3743,1.8764822
mol_3744,4.792794
mol_3745,2.817434
mol_3746,4.0353885
mol_3747,1.7906122
mol_3748,1.5314656
mol_3749,3.2163808
mol_3750,3.06025
mol_3751,1.1441622
mol_3752,2.6710162
mol_3753,2.089516
mol_3754,2.5295026
mol_3755,1.3517082
mol_3756,3.5722394
mol_3757,5.852955
mol_3758,1.4236943
mol_3759,1.5081359
mol_3760,1.367358
mol_3761,4.427009
mol_3762,1.1921159
mol_3763,2.079864
mol_3764,2.5954375
mol_3765,2.685374
mol_3766,3.702662
mol_3767,2.7634368
mol_3768,4.040226
mol_3769,2.0791376
mol_3770,1.4598303
mol_3771,4.084247
mol_3772,3.780634
mol_3773,3.9759493
mol_3774,2.3222837
mol_3775,3.5596576
mol_3776,6.952674
mol_3777,1.8100505
mol_3778,1.2158396
mol_3779,0.8434986
mol_3780,2.253512
mol_3781,2.1739123
mol_3782,3.6623726
mol_3783,2.8391016
mol_3784,1.5724951
mol_3785,1.0615796
mol_3786,0.017227888
mol_3787,1.8222065
mol_3788,4.0310445
mol_3789,0.14905524
mol_3790,1.7185972
mol_3791,2.5602176
mol_3792,2.7511456
mol_3793,4.5385246
mol_3794,5.0649953
mol_3795,1.8424401
mol_3796,0.66859233
mol_3797,1.4410087
mol_3798,1.581727
mol_3799,2.719094
mol_3800,1.4892864
mol_3801,1.0557692
mol_3802,2.8925529
mol_3803,2.363261
mol_3804,1.8713534
mol_3805,3.042015
mol_3806,0.88636744
mol_3807,0.8656608
mol_3808,3.4037023
mol_3809,1.2137289
mol_3810,3.582384
mol_3811,2.0761755
mol_3812,2.995171
mol_3813,1.2362196
mol_3814,1.2266018
mol_3815,1.1056734
mol_3816,0.8456831
mol_3817,5.7597685
mol_3818,4.506114
mol_3819,3.3221943
mol_3820,2.8790343
mol_3821,3.3960378
mol_3822,2.793848
mol_3823,1.3633977
mol_3824,0.98972476
mol_3825,2.7069194
mol_3826,1.242019
mol_3827,2.0698366
mol_3828,2.0692236
mol_3829,1.2290704
mol_3830,0.16503358
mol_3831,1.796014
mol_3832,0.8547554
mol_3833,2.7372472
mol_3834,3.5056214
mol_3835,3.2019076
mol_3836,3.6699317
mol_3837,2.9819574
mol_3838,2.3018966
mol_3839,5.5901346
mol_3840,1.9825394
mol_3841,2.6148057
mol_3842,2.5064166
mol_3843,1.2539867
mol_3844,4.480298
mol_3845,3.4369333
mol_3846,0.70095325
mol_3847,1.5097489
mol_3848,4.2470193
mol_3849,3.3429198
mol_3850,2.698156
mol_3851,4.458089
mol_3852,1.7779388
mol_3853,1.5888134
mol_3854,2.5558193
mol_3855,2.2675245
mol_3856,2.033145
mol_3857,1.6799207
mol_3858,5.4155912
mol_3859,2.167917
mol_3860,0.018543959
mol_3861,4.19536
mol_3862,1.3123405
mol_3863,0.7974814
mol_3864,1.3290143
mol_3865,4.8260026
mol_3866,4.696213
mol_3867,2.2008154
mol_3868,5.004983
mol_3869,0.76775944
mol_3870,0.7393967
mol_3871,1.9237962
mol_3872,4.032285
mol_3873,2.3950915
mol_3874,1.3990883
mol_3875,1.8267012
mol_3876,2.2928066
mol_3877,1.544827
mol_3878,2.2929444
mol_3879,1.4237963
mol_3880,0.2469275
mol_3881,2.7030451
mol_3882,1.7016649
mol_3883,1.5214547
mol_3884,1.5409817
mol_3885,2.826297
mol_3886,2.1985168
mol_3887,1.5938408
mol_3888,3.8691912
mol_3889,3.3449612
mol_3890,2.0276241
mol_3891,2.6673474
mol_3892,2.2754982
mol_3893,4.9573274
mol_3894,2.4422112
mol_3895,2.9158912
mol_3896,1.0059195
mol_3897,2.0297346
mol_3898,2.2822273
mol_3899,2.5004654
mol_3900,1.9655042
mol_3901,1.6445822
mol_3902,4.526561
mol_3903,0.8456514
mol_3904,3.556112
mol_3905,2.0549612
mol_3906,2.1712902
mol_3907,1.2845253
mol_3908,2.3478873
mol_3909,1.8331716
mol_3910,3.6842713
mol_3911,3.8299942
mol_3912,2.7868376
mol_3913,3.8807385
mol_3914,2.958001
mol_3915,1.7849422
mol_3916,2.6507137
mol_3917,1.2951293
mol_3918,2.9648707
mol_3919,2.1283383
mol_3920,1.1786572
mol_3921,3.5385625
mol_3922,4.560829
mol_3923,0.99748003
mol_3924,2.4889576
mol_3925,3.4096334
mol_3926,2.6141007
mol_3927,1.0365602
mol_3928,1.9473345
mol_3929,2.9841452
mol_3930,3.5917058
mol_3931,2.9542205
mol_3932,0.5407562
mol_3933,5.427083
mol_3934,2.0386162
mol_3935,3.5437605
mol_3936,1.5594218
mol_3937,2.615443
mol_3938,7.762881
mol_3939,4.4699335
mol_3940,3.4240937
mol_3941,4.578781
mol_3942,2.9944172
mol_3943,3.651599
mol_3944,3.2881613
mol_3945,2.4723024
mol_3946,2.007737
mol_3947,0.6448976
mol_3948,1.7671833
mol_3949,1.8717594
mol_3950,4.993807
mol_3951,1.7478166
mol_3952,1.5176997
mol_3953,4.22122
mol_3954,3.1737726
mol_3955,3.6080234
mol_3956,1.7080102
mol_3957,0.6520195
mol_3958,5.619836
mol_3959,1.6203516
mol_3960,2.2305784
mol_3961,1.8173821
mol_3962,3.5699084
mol_3963,1.3438238
mol_3964,4.055465
mol_3965,4.114004
mol_3966,1.3386946
mol_3967,3.0087597
mol_3968,1.9798615
mol_3969,2.5088477
mol_3970,1.2649312
mol_3971,2.5863056
mol_3972,4.68114
mol_3973,1.8675046
mol_3974,-0.024217844
mol_3975,1.8586116
mol_3976,0.8880166
mol_3977,1.6773784
mol_3978,2.6584373
mol_3979,3.6095567
mol_3980,2.7557323
mol_3981,1.8606422
mol_3982,4.433183
mol_3983,1.7807865
mol_3984,1.1919355
mol_3985,3.1570745
mol_3986,1.4961405
mol_3987,2.9286468
mol_3988,1.20774
mol_3989,4.6623755
mol_3990,1.8977784
mol_3991,1.0278864
mol_3992,1.3861592
mol_3993,2.4942338
mol_3994,5.699832
mol_3995,5.0474963
mol_3996,1.8949921
mol_3997,0.7759861
mol_3998,1.004529
mol_3999,2.7607908
mol_4000,1.2753178
mol_4001,3.9172225
mol_4002,1.0550054
mol_4003,2.6923637
mol_4004,4.231761
mol_4005,1.6986773
mol_4006,1.5321583
mol_4007,2.0935123
mol_4008,1.2038448
mol_4009,2.3969347
mol_4010,3.8190496
mol_4011,1.9739857
mol_4012,0.24081802
mol_4013,5.8081017
mol_4014,1.000368
mol_4015,1.7094423
mol_4016,1.333703
mol_4017,3.712524
mol_4018,4.1699576
mol_4019,1.7496059
mol_4020,4.004671
mol_4021,3.9712453
mol_4022,1.7292025
mol_4023,1.565828
mol_4024,1.1517377
mol_4025,0.6091875
mol_4026,2.4314384
mol_4027,2.6506553
mol_4028,0.045672417
mol_4029,1.7793064
mol_4030,4.313093
mol_4031,1.3772013
mol_4032,0.9733021
mol_4033,1.8669199
mol_4034,1.3002464
mol_4035,3.4041264
mol_4036,-0.36151218
mol_4037,1.4959954
mol_4038,1.1603477
mol_4039,1.6635818
mol_4040,3.1142015
mol_4041,2.4943283
mol_4042,5.043825
mol_4043,1.3495191
mol_4044,4.141057
mol_4045,2.981522
mol_4046,4.194467
mol_4047,0.8651353
mol_4048,4.987173
mol_4049,1.2470386
mol_4050,3.6512418
mol_4051,1.9832187
mol_4052,3.5068357
mol_4053,4.0936146
mol_4054,1.8048296
mol_4055,1.94446
mol_4056,1.9036074
mol_4057,2.1510892
mol_4058,2.2472498
mol_4059,3.3255968
mol_4060,2.4649296
mol_4061,1.4266323
mol_4062,1.8347998
mol_4063,2.9525366
mol_4064,2.6135552
mol_4065,2.72333
mol_4066,2.2481635
mol_4067,2.266998
mol_4068,2.4228966
mol_4069,0.76658046
mol_4070,0.92616427
mol_4071,3.8558702
mol_4072,1.6158779
mol_4073,3.030436
mol_4074,1.7896738
mol_4075,0.8902805
mol_4076,1.764426
mol_4077,1.403769
mol_4078,1.8468306
mol_4079,0.74280643
mol_4080,3.0973475
mol_4081,2.0318642
mol_4082,4.555881
mol_4083,0.82764673
mol_4084,4.671648
mol_4085,2.8690684
mol_4086,1.7305076
mol_4087,5.529776
mol_4088,4.295669
mol_4089,2.4319565
mol_4090,1.6878715
mol_4091,3.606973
mol_4092,1.7028118
mol_4093,2.1022508
mol_4094,7.153848
mol_4095,3.277194
mol_4096,2.1166284
mol_4097,1.5288198
mol_4098,3.247745
mol_4099,4.836161
mol_4100,5.8003974
mol_4101,1.6137195
mol_4102,2.1205082
mol_4103,4.472017
mol_4104,3.8426552
mol_4105,1.3924162
mol_4106,1.8196948
mol_4107,4.1683764
mol_4108,4.490177
mol_4109,3.7997956
mol_4110,2.9338236
mol_4111,2.797791
mol_4112,2.674583
mol_4113,2.444205
mol_4114,2.0398927
mol_4115,1.0501024
mol_4116,1.5640124
mol_4117,4.81851
mol_4118,6.9822793
mol_4119,2.1591384
mol_4120,4.7147603
mol_4121,1.3922932
mol_4122,5.2893806
mol_4123,3.4442856
mol_4124,3.6548254
mol_4125,2.832313
mol_4126,-0.054150343
mol_4127,1.2369721
mol_4128,2.0451372
mol_4129,3.2803185
mol_4130,4.4529147
mol_4131,4.6845083
mol_4132,5.5381966
mol_4133,4.214034
mol_4134,0.82370734
mol_4135,1.6601394
mol_4136,2.277439
mol_4137,2.3905919
mol_4138,0.24783158
mol_4139,3.980075
mol_4140,1.5971973
mol_4141,3.7651086
mol_4142,4.8437653
mol_4143,4.4621162
mol_4144,4.3979044
mol_4145,1.2954925
mol_4146,1.8221927
mol_4147,3.3411274
mol_4148,1.7735289
mol_4149,2.8303192
mol_4150,1.3295708
mol_4151,1.4760699
mol_4152,3.0421076
mol_4153,2.5698776
mol_4154,1.7757108
mol_4155,4.0122633
mol_4156,1.4679914
mol_4157,3.2353063
mol_4158,1.8777046
mol_4159,1.8096888
mol_4160,0.98246145
mol_4161,2.3731666
mol_4162,2.4945686
mol_4163,2.1481783
mol_4164,1.1910632
mol_4165,0.7215493
mol_4166,4.686426
mol_4167,3.3591409
mol_4168,0.43742824
mol_4169,1.5280335
mol_4170,5.51419
mol_4171,7.482678
mol_4172,3.5930295
mol_4173,1.1478995
mol_4174,0.44921327
mol_4175,1.6832311
mol_4176,4.917101
mol_4177,1.0341562
mol_4178,5.145175
mol_4179,3.764811
mol_4180,2.7600346
mol_4181,3.4808083
mol_4182,1.3012091
mol_4183,2.7417169
mol_4184,2.0615504
mol_4185,1.9749707
mol_4186,1.1020002
mol_4187,4.2076426
mol_4188,1.7419723
mol_4189,2.3032155
mol_4190,0.4941008
mol_4191,4.0725503
mol_4192,2.0410128
mol_4193,2.650555
mol_4194,2.3313253
mol_4195,1.8123717
mol_4196,1.2621559
mol_4197,1.7023327
mol_4198,3.7871222
mol_4199,1.6199176
mol_4200,3.8455756
mol_4201,2.1311502
mol_4202,1.9971256
mol_4203,2.4886973
mol_4204,4.802005
mol_4205,3.590609
mol_4206,3.574442
mol_4207,3.6133583
mol_4208,0.93977916
mol_4209,2.5952463
mol_4210,0.24517179
mol_4211,0.29534698
mol_4212,2.1915154
mol_4213,3.6257763
mol_4214,2.0221355
mol_4215,1.5605005
mol_4216,5.756695
mol_4217,3.8914738
mol_4218,7.0651774
mol_4219,5.417384
mol_4220,2.4861476
mol_4221,1.8299975
mol_4222,1.9443402
mol_4223,4.735814
mol_4224,1.0197042
mol_4225,1.5120996
mol_4226,2.2540216
mol_4227,2.4668474
mol_4228,7.135353
mol_4229,2.4258657
mol_4230,2.270834
mol_4231,0.6782793
mol_4232,5.4773903
mol_4233,2.3623893
mol_4234,2.3230894
mol_4235,2.48466
mol_4236,1.2710941
mol_4237,4.2015915
mol_4238,1.786546
mol_4239,1.0047121
mol_4240,4.6176753
mol_4241,1.5810431
mol_4242,1.6578164
mol_4243,2.6546185
mol_4244,1.6906445
mol_4245,5.040786
mol_4246,1.9149717
mol_4247,3.909098
mol_4248,1.4792999
mol_4249,1.1005639
mol_4250,2.7242544
mol_4251,1.7652719
mol_4252,2.2234251
mol_4253,6.719453
mol_4254,1.8767571
mol_4255,2.0236754
mol_4256,4.516925
mol_4257,4.7249775
mol_4258,1.4616655
mol_4259,0.87171423
mol_4260,1.077219
mol_4261,1.1483822
mol_4262,0.99368274
mol_4263,2.7643209
mol_4264,1.6433016
mol_4265,0.01875472
mol_4266,1.2451404
mol_4267,1.4533974
mol_4268,2.4447358
mol_4269,2.116163
mol_4270,0.7972801
mol_4271,0.23499894
mol_4272,3.0101445
mol_4273,3.6089926
mol_4274,2.3695297
mol_4275,1.1249623
mol_4276,2.1823275
mol_4277,2.0895574
mol_4278,7.8406777
mol_4279,6.1124153
mol_4280,1.7219625
mol_4281,2.4395103
mol_4282,2.1944778
mol_4283,3.510531
mol_4284,1.4334342
mol_4285,1.846221
mol_4286,7.799161
mol_4287,2.8583822
mol_4288,3.2401767
mol_4289,1.8364087
mol_4290,1.1501416
mol_4291,4.6889477
mol_4292,3.2113407
mol_4293,2.7993667
mol_4294,0.06046915
mol_4295,4.262046
mol_4296,1.2476573
mol_4297,1.2437639
mol_4298,2.3120003
mol_4299,1.4713068
mol_4300,1.1896766
mol_4301,2.7841163
mol_4302,2.1287086
mol_4303,1.5205377
mol_4304,0.5409467
mol_4305,1.8211846
mol_4306,1.6990974
mol_4307,1.7845157
mol_4308,2.1097264
mol_4309,4.2879076
mol_4310,2.2982306
mol_4311,1.6038144
mol_4312,1.2883971
mol_4313,4.2092457
mol_4314,2.9565067
mol_4315,1.3151323
mol_4316,1.498265
mol_4317,2.0408492
mol_4318,1.2553144
mol_4319,2.5119116
mol_4320,6.501045
mol_4321,2.8353667
mol_4322,1.5712647
mol_4323,2.4365673
mol_4324,3.379048
mol_4325,3.192651
mol_4326,3.0789697
mol_4327,3.9253576
mol_4328,4.907793
mol_4329,2.791138
mol_4330,4.4880147
mol_4331,1.078043
mol_4332,3.2180443
mol_4333,3.2418876
mol_4334,3.4869292
mol_4335,2.4356878
mol_4336,4.106772
mol_4337,2.335065
mol_4338,5.3633366
mol_4339,4.406952
mol_4340,5.3057528
mol_4341,1.4023148
mol_4342,3.1502247
mol_4343,4.497161
mol_4344,1.8299477
mol_4345,3.3154132
mol_4346,3.061524
mol_4347,2.2287328
mol_4348,2.4394288
mol_4349,3.5197244
mol_4350,1.0217977
mol_4351,3.927104
mol_4352,4.821578
mol_4353,1.8473387
mol_4354,1.656102
mol_4355,1.9028344
mol_4356,2.8378894
mol_4357,2.3387983
mol_4358,1.4421456
mol_4359,6.3759775
mol_4360,2.16716
mol_4361,2.4685519
mol_4362,1.174566
mol_4363,3.4779055
mol_4364,2.6711152
mol_4365,2.1614957
mol_4366,2.3057745
mol_4367,3.14466
mol_4368,0.98536444
mol_4369,4.3484087
mol_4370,2.0059972
mol_4371,2.1721334
mol_4372,3.1807048
mol_4373,1.61024
mol_4374,3.5924768
mol_4375,2.8989344
mol_4376,0.14690065
mol_4377,0.7062895
mol_4378,3.0430837
mol_4379,1.6801403
mol_4380,4.121371
mol_4381,3.1928363
mol_4382,2.919265
mol_4383,1.9810829
mol_4384,4.292135
mol_4385,5.384163
mol_4386,2.8149874
mol_4387,2.351787
mol_4388,3.270809
mol_4389,0.24780226
mol_4390,4.0331974
mol_4391,3.9186091
mol_4392,0.10330176
mol_4393,4.293228
mol_4394,1.7995927
mol_4395,2.3468776
mol_4396,3.3284967
mol_4397,1.4681382
mol_4398,0.982777
mol_4399,3.9166913
mol_4400,1.5193278
mol_4401,1.787397
mol_4402,1.8239193
mol_4403,0.41966915
mol_4404,0.9117627
mol_4405,3.4821064
mol_4406,1.620242
mol_4407,1.7033114
mol_4408,4.3746414
mol_4409,3.9741087
mol_4410,3.6865234
mol_4411,2.5000625
mol_4412,1.3431098
mol_4413,4.42237
mol_4414,0.48078775
mol_4415,4.159094
mol_4416,2.019017
mol_4417,1.8152301
mol_4418,2.8951535
mol_4419,1.896848
mol_4420,6.998444
mol_4421,0.5610981
mol_4422,0.08847165
mol_4423,2.6097324
mol_4424,1.1596445
mol_4425,2.19403
mol_4426,1.3403378
mol_4427,1.5981908
mol_4428,1.7058759
mol_4429,2.8509967
mol_4430,5.0851984
mol_4431,2.6070826
mol_4432,1.6187046
mol_4433,2.7387204
mol_4434,2.4851143
mol_4435,1.9932737
mol_4436,2.4251475
mol_4437,3.3605852
mol_4438,1.8902785
mol_4439,1.4693091
mol_4440,4.021273
mol_4441,2.1884418
mol_4442,0.41084313
mol_4443,1.597081
mol_4444,2.6991003
mol_4445,1.7042916
mol_4446,4.250361
mol_4447,1.3789593
mol_4448,1.1589518
mol_4449,3.0245714
mol_4450,3.587789
mol_4451,3.9450104
mol_4452,1.7077093
mol_4453,1.6704648
mol_4454,5.0682993
mol_4455,0.7032796
mol_4456,1.9733422
mol_4457,2.8553977
mol_4458,2.4997287
mol_4459,1.8212616
mol_4460,2.173043
mol_4461,2.7543182
mol_4462,3.0946178
mol_4463,4.4953914
mol_4464,1.3088874
mol_4465,1.7114524
mol_4466,3.0960412
mol_4467,0.8124467
mol_4468,2.2478628
mol_4469,1.4907312
mol_4470,2.3860025
mol_4471,2.3846445
mol_4472,2.680866
mol_4473,1.5127383
mol_4474,3.77887
mol_4475,1.7667575
mol_4476,2.4086695
mol_4477,1.4361444
mol_4478,2.3279305
mol_4479,3.6488347
mol_4480,1.699101
mol_4481,1.439589
mol_4482,0.9494506
mol_4483,3.2607188
mol_4484,1.9552766
mol_4485,1.9135277
mol_4486,1.037694
mol_4487,3.8910081
mol_4488,2.1242328
mol_4489,1.867767
mol_4490,1.8009874
mol_4491,2.458829
mol_4492,2.0944576
mol_4493,2.547279
mol_4494,2.122303
mol_4495,1.1850508
mol_4496,0.8415142
mol_4497,2.687391
mol_4498,3.4416049
mol_4499,1.7332606
mol_4500,2.6560385
mol_4501,2.1826863
mol_4502,1.6403751
mol_4503,4.716452
mol_4504,1.6417568
mol_4505,2.555467
mol_4506,1.6532149
mol_4507,3.393716
mol_4508,7.4660034
mol_4509,3.750533
mol_4510,2.0754046
mol_4511,1.7444011
mol_4512,4.904057
mol_4513,2.5832136
mol_4514,0.89991295
mol_4515,1.6141818
mol_4516,2.3358984
mol_4517,1.0792753
mol_4518,6.1571655
mol_4519,0.15487385
mol_4520,1.3512467
mol_4521,1.8714845
mol_4522,5.9197245
mol_4523,2.3069012
mol_4524,1.1596701
mol_4525,2.382054
mol_4526,5.3999357
mol_4527,2.1682937
mol_4528,1.2807511
mol_4529,4.764642
mol_4530,3.1621242
mol_4531,1.7298868
mol_4532,1.3388506
mol_4533,5.6026964
mol_4534,1.5520985
mol_4535,2.5637093
mol_4536,4.561566
mol_4537,1.8325219
mol_4538,4.6044865
mol_4539,1.5759137
mol_4540,4.214197
mol_4541,1.6256418
mol_4542,1.0677325
mol_4543,4.163646
mol_4544,2.0920756
mol_4545,2.8642461
mol_4546,1.773022
mol_4547,2.2605603
mol_4548,2.020089
mol_4549,2.9691107
mol_4550,2.5681918
mol_4551,2.593325
mol_4552,2.703187
mol_4553,2.1933925
mol_4554,2.4979007
mol_4555,1.8076425
mol_4556,3.79834
mol_4557,4.0631733
mol_4558,2.292685
mol_4559,0.85889375
mol_4560,4.668913
mol_4561,2.689454
mol_4562,1.4031954
mol_4563,3.2034595
mol_4564,1.2116277
mol_4565,1.918757
mol_4566,4.805739
mol_4567,2.4296741
mol_4568,-0.055039883
mol_4569,1.7919545
mol_4570,2.559023
mol_4571,2.5554864
mol_4572,1.4265537
mol_4573,2.8538842
mol_4574,3.396151
mol_4575,1.9956653
mol_4576,3.015978
mol_4577,3.9607139
mol_4578,2.6832578
mol_4579,6.441144
mol_4580,1.2772053
mol_4581,2.4711664
mol_4582,3.306875
mol_4583,1.694895
mol_4584,0.5038359
mol_4585,1.5489647
mol_4586,1.0653967
mol_4587,2.9853933
mol_4588,0.6883645
mol_4589,2.5897353
mol_4590,1.6896046
mol_4591,0.6739229
mol_4592,2.2430449
mol_4593,1.37132
mol_4594,5.647563
mol_4595,2.0486226
mol_4596,0.62745976
mol_4597,1.9787486
mol_4598,4.6819706
mol_4599,1.4463058
mol_4600,1.8887851
mol_4601,5.071904
mol_4602,1.9640274
mol_4603,0.15209222
mol_4604,2.0323808
mol_4605,2.999037
mol_4606,1.7451308
mol_4607,1.3101658
mol_4608,0.039712906
mol_4609,2.6845014
mol_4610,1.6622279
mol_4611,3.6835935
mol_4612,1.224039
mol_4613,3.7440677
mol_4614,1.4485717
mol_4615,0.93243706
mol_4616,2.457314
mol_4617,2.6680512
mol_4618,2.4418385
mol_4619,3.837452
mol_4620,0.45781994
mol_4621,1.1542151
mol_4622,2.4623983
mol_4623,5.008422
mol_4624,1.4384645
mol_4625,1.6397935
mol_4626,2.453596
mol_4627,1.3525282
mol_4628,2.364439
mol_4629,1.4017341
mol_4630,2.045566
mol_4631,2.1834705
mol_4632,2.892648
mol_4633,1.6654224
mol_4634,1.4368804
mol_4635,0.08800697
mol_4636,1.9377646
mol_4637,4.652873
mol_4638,3.0562737
mol_4639,3.053094
mol_4640,2.430527
mol_4641,2.7605762
mol_4642,4.1054006
mol_4643,1.34986
mol_4644,0.6986605
mol_4645,2.0137715
mol_4646,2.2300086
mol_4647,1.1205887
mol_4648,0.7232535
mol_4649,3.7279124
mol_4650,1.2163943
mol_4651,1.4223217
mol_4652,6.1974373
mol_4653,0.25006342
mol_4654,2.1888988
mol_4655,1.5052893
mol_4656,6.9089627
mol_4657,1.1499959
mol_4658,1.7344553
mol_4659,2.989896
mol_4660,1.1833708
mol_4661,2.3826282
mol_4662,2.8335896
mol_4663,1.5996366
mol_4664,1.6104114
mol_4665,5.7225885
mol_4666,1.2341121
mol_4667,2.6655767
mol_4668,1.8201249
mol_4669,3.8097653
mol_4670,1.6710889
mol_4671,4.327213
mol_4672,2.562763
mol_4673,2.5680387
mol_4674,4.161764
mol_4675,1.9067233
mol_4676,1.9890538
mol_4677,2.0663164
mol_4678,8.664412
mol_4679,3.8132722
mol_4680,1.2800847
mol_4681,3.4444988
mol_4682,4.0435367
mol_4683,2.481694
mol_4684,2.648975
mol_4685,1.6214204
mol_4686,2.4863105
mol_4687,0.20926929
mol_4688,1.7997801
mol_4689,2.629441
mol_4690,2.102509
mol_4691,2.5770152
mol_4692,2.0428813
mol_4693,2.961821
mol_4694,1.574083
mol_4695,2.2100487
mol_4696,2.065923
mol_4697,3.796606
mol_4698,1.563969
mol_4699,7.3273935
mol_4700,1.3485379
mol_4701,4.291009
mol_4702,2.2427824
mol_4703,4.6698055
mol_4704,0.0899806
mol_4705,1.6620874
mol_4706,2.482854
mol_4707,1.8176414
mol_4708,2.042396
mol_4709,5.2988296
mol_4710,4.4234505
mol_4711,4.797118
mol_4712,5.2795186
mol_4713,1.6404759
mol_4714,1.8270798
mol_4715,3.1969886
mol_4716,3.7851396
mol_4717,0.9982883
mol_4718,1.5445464
mol_4719,2.5960827
mol_4720,1.964062
mol_4721,-0.16473103
mol_4722,3.9223857
mol_4723,2.5134711
mol_4724,2.7423291
mol_4725,1.4961202
mol_4726,3.0525064
mol_4727,1.7559445
mol_4728,2.898715
mol_4729,1.8838036
mol_4730,2.2472467
mol_4731,3.0740118
mol_4732,2.0050745
mol_4733,2.1868017
mol_4734,2.2488198
mol_4735,1.1428211
mol_4736,3.7289338
mol_4737,4.1863112
mol_4738,1.8296344
mol_4739,1.767742
mol_4740,0.18401241
mol_4741,1.4235865
mol_4742,1.1741976
mol_4743,4.654718
mol_4744,3.6543634
mol_4745,3.175489
mol_4746,1.8706949
mol_4747,1.3503228
mol_4748,1.4749519
mol_4749,3.1894329
mol_4750,3.833045
mol_4751,4.5184374
mol_4752,0.89666104
mol_4753,2.1921246
mol_4754,4.6877384
mol_4755,4.2444353
mol_4756,2.5707254
mol_4757,2.4550316
mol_4758,2.3915365
mol_4759,2.2312024
mol_4760,1.7197801
mol_4761,-0.07447696
mol_4762,2.7452178
mol_4763,3.8948934
mol_4764,3.8618453
mol_4765,4.5217514
mol_4766,1.8666271
mol_4767,1.3388766
mol_4768,2.330242
mol_4769,3.4524279
mol_4770,2.007886
mol_4771,2.10431
mol_4772,3.234494
mol_4773,2.6011086
mol_4774,0.36626172
mol_4775,2.7801578
mol_4776,1.525679
mol_4777,3.8212242
mol_4778,4.2106957
mol_4779,1.4731803
mol_4780,5.246289
mol_4781,2.0886216
mol_4782,4.340478
mol_4783,3.092845
mol_4784,1.8222816
mol_4785,2.9496353
mol_4786,1.2482204
mol_4787,2.301774
mol_4788,4.731133
mol_4789,2.9032104
mol_4790,5.0247517
mol_4791,3.5391483
mol_4792,3.4533184
mol_4793,4.4090667
mol_4794,3.4973025
mol_4795,5.781561
mol_4796,1.42112
mol_4797,2.0924032
mol_4798,3.4845083
mol_4799,1.9021525
mol_4800,3.367247
mol_4801,3.34747
mol_4802,4.7151165
mol_4803,4.730192
mol_4804,1.7755287
mol_4805,1.7524289
mol_4806,3.1648216
mol_4807,4.366681
mol_4808,1.9891677
mol_4809,1.9853592
mol_4810,1.776299
mol_4811,3.4745677
mol_4812,6.450568
mol_4813,1.0857891
mol_4814,4.0044785
mol_4815,1.0519667
mol_4816,3.4643822
mol_4817,0.59515965
mol_4818,3.595057
mol_4819,4.8388147
mol_4820,1.3418199
mol_4821,2.2802138
mol_4822,2.1871529
mol_4823,1.8307664
mol_4824,1.5001764
mol_4825,1.853416
mol_4826,3.9525986
mol_4827,1.2577003
mol_4828,2.0441537
mol_4829,1.8113049
mol_4830,5.074959
mol_4831,2.5259426
mol_4832,3.133942
mol_4833,1.3870506
mol_4834,2.4189026
mol_4835,0.75498533
mol_4836,2.1496787
mol_4837,6.3785324
mol_4838,3.50013
mol_4839,2.2477403
mol_4840,1.2824708
mol_4841,0.9011779
mol_4842,2.5815454
mol_4843,1.9929153
mol_4844,2.6278348
mol_4845,2.3760426
mol_4846,0.6908574
mol_4847,1.7881842
mol_4848,1.3086404
mol_4849,2.5456328
mol_4850,0.21861863
mol_4851,0.45868134
mol_4852,3.4399147
mol_4853,4.886359
mol_4854,4.3027725
mol_4855,2.6244318
mol_4856,2.112294
mol_4857,1.5663534
mol_4858,3.9405184
mol_4859,3.0029507
mol_4860,4.7511406
mol_4861,2.8673294
mol_4862,2.4567423
mol_4863,4.234771
mol_4864,1.548932
mol_4865,2.3825805
mol_4866,1.8556399
mol_4867,2.822516
mol_4868,1.6363943
mol_4869,2.2933803
mol_4870,3.9972668
mol_4871,1.7929547
mol_4872,1.2143348
mol_4873,1.4678802
mol_4874,1.6071396
mol_4875,0.16324186
mol_4876,1.4649669
mol_4877,4.5719204
mol_4878,2.861696
mol_4879,5.650127
mol_4880,0.043319464
mol_4881,1.8461179
mol_4882,1.512801
mol_4883,1.5926076
mol_4884,2.7534132
mol_4885,0.17486548
mol_4886,0.7216003
mol_4887,3.5555809
mol_4888,1.0094175
mol_4889,2.6814718
mol_4890,3.8125024
mol_4891,5.100311
mol_4892,1.2383156
mol_4893,1.7645887
mol_4894,4.1240087
mol_4895,2.182678
mol_4896,1.6459985
mol_4897,2.5745273
mol_4898,2.0151813
mol_4899,2.0082517
mol_4900,2.2122931
mol_4901,3.828592
mol_4902,1.7422032
mol_4903,2.2553928
mol_4904,1.6373637
mol_4905,7.6877346
mol_4906,5.97311
mol_4907,1.4702828
mol_4908,1.6741015
mol_4909,1.5179937
mol_4910,4.547307
mol_4911,2.411488
mol_4912,2.822368
mol_4913,2.2573335
mol_4914,1.2785897
mol_4915,4.9838295
mol_4916,2.7207816
mol_4917,1.497205
mol_4918,3.4752328
mol_4919,2.059593
mol_4920,4.739006
mol_4921,2.203632
mol_4922,3.4914753
mol_4923,2.2812603
mol_4924,1.4612409
mol_4925,2.1727304
mol_4926,1.5396168
mol_4927,2.4971006
mol_4928,1.5124413
mol_4929,1.4378015
mol_4930,3.4247537
mol_4931,3.9790318
mol_4932,0.73042774
mol_4933,2.239909
mol_4934,1.7092772
mol_4935,1.4425601
mol_4936,2.459135
mol_4937,3.560798
mol_4938,2.1665637
mol_4939,2.027871
mol_4940,2.625643
mol_4941,1.7893298
mol_4942,5.632962
mol_4943,1.7991586
mol_4944,1.7539747
mol_4945,2.5825286
mol_4946,3.788805
mol_4947,3.4807458
mol_4948,2.2556293
mol_4949,1.7127557
mol_4950,2.7008426
mol_4951,1.793241
mol_4952,1.4969428
mol_4953,1.7722112
mol_4954,1.1919872
mol_4955,2.0193381
mol_4956,2.5612736
mol_4957,4.2355423
mol_4958,1.4004499
mol_4959,2.478395
mol_4960,4.3067055
mol_4961,3.6604042
mol_4962,1.8360572
mol_4963,3.4008908
mol_4964,2.184332
mol_4965,3.1050987
mol_4966,1.4000776
mol_4967,1.9566853
mol_4968,2.6402228
mol_4969,3.0137084
mol_4970,3.4084225
mol_4971,4.18684
mol_4972,2.7260447
mol_4973,0.6278702
mol_4974,4.877074
mol_4975,4.242802
mol_4976,1.5246747
mol_4977,1.1592803
mol_4978,1.2437845
mol_4979,3.0283074
mol_4980,0.62493086
mol_4981,3.5357025
mol_4982,5.2625656
mol_4983,3.2977543
mol_4984,1.2682621
mol_4985,5.0810833
mol_4986,3.602054
mol_4987,2.3504558
mol_4988,2.4434114
mol_4989,0.91310346
mol_4990,2.2886505
mol_4991,2.971015
mol_4992,1.270772
mol_4993,1.3257143
mol_4994,1.6906942
mol_4995,3.3205333
mol_4996,1.6509335
mol_4997,1.7959988
mol_4998,3.6520774
mol_4999,2.9418864
mol_5000,1.4449513
